name,url,star,comment,avg_price,taste,environment,services,recommend
蜀城巷子老成都火锅(宜山路店),http://www.dianping.com/shop/110269910,准五星商户,545,122,8.6,8.4,8.5,"蜀城嫩鲜牛肉,毛肚,鸭血"
旬野菜日本料理和牛寿喜锅专门店(浦东店),http://www.dianping.com/shop/98281287,五星商户,602,313,8.8,9.1,9,"安格斯牛肉寿喜锅,刺身拼盘,澳洲和牛寿喜烧"
小肥羊(光启城时尚购物中心店),http://www.dianping.com/shop/72351070,准五星商户,4308,1,9,8.9,8.9,"特色羔羊肉,鸳鸯锅,招牌豪气羊肉串"
薪火重庆本味火锅,http://www.dianping.com/shop/114858370,准五星商户,128,12,8.4,8.7,8.9,"特色鲜鸭血,豚骨鸳鸯锅,现杀牛蛙"
蜀大侠(江宁路店),http://www.dianping.com/shop/98763397,五星商户,1529,133,9,9,8.9,"贵妃牛肉,大侠水牛毛肚,冰川鹅肠"
蜀大侠火锅(东建路店),http://www.dianping.com/shop/102302058,五星商户,1343,136,9.1,9.1,9,"贵妃牛肉,大侠水牛毛肚,红糖糍粑"
青岛1903,http://www.dianping.com/shop/102094122,五星商户,131,361,9.1,9.2,8.7,"ipa青岛啤酒,庭涛烧肉五种组合,刺身"
这一锅,http://www.dianping.com/shop/19357151,五星商户,4278,239,9,9.2,9.1,"翠玉无骨牛肉,上选松阪猪肉,鴨血豆腐"
渝利火锅(城开YOYO店),http://www.dianping.com/shop/112224552,五星商户,428,127,9.1,9.1,9.2,"渝利蟹肉棒,渝利秘制午餐肉,渝利手工虾滑"
纯味斑鱼府(宝山店),http://www.dianping.com/shop/66102245,五星商户,1742,158,9.2,9,9,"斑鱼大锅底,凉拌鱼皮,菌菇拼盘"
重庆高老九火锅(大世界店),http://www.dianping.com/shop/9964442,五星商户,25837,140,9,8.9,8.9,"一品嫩鲶鱼,九九秘制鹅肠,冰镇毛肚"
裕华東發.火锅酒楼,http://www.dianping.com/shop/98182943,五星商户,2060,340,9.1,8.9,9.1,"九记清汤腩净食,浓汤花胶鸡锅,脆皮炸大肠"
纯味斑鱼府(静安店),http://www.dianping.com/shop/32875447,五星商户,3546,146,9.1,8.8,8.8,"活斑鱼,拌鱼皮,斑鱼汤底"
囍凤楼(万象城店),http://www.dianping.com/shop/95087172,五星商户,2248,356,9,9.1,9,"花膠鸡锅,脆肉鯇魚,鲍汁鸭脚扎"
红辣椒(杨浦店),http://www.dianping.com/shop/2873341,五星商户,23214,105,8.7,8.5,9.1,"蓉城钵钵鸡,泼辣鲶鱼,干锅牛蛙"
韩国街小木屋??????,http://www.dianping.com/shop/98862925,五星商户,573,99,9,9,9,"牛肉组合,拌猪皮,大酱汤"
黄门老灶火锅,http://www.dianping.com/shop/98976936,五星商户,1002,153,9,8.9,9,"毛肚,招牌嫩牛肉,鲜活豆苗"
红魔重庆美蛙火锅(静安大融城店),http://www.dianping.com/shop/102496368,五星商户,1409,106,9.1,9.1,9.3,"红魔招牌辣蛙,自制芝士虾滑,点蛙赠招牌麻辣鸳鸯"
重庆高老九火锅(普陀环球港店),http://www.dianping.com/shop/110257595,五星商户,1018,137,9.1,9,9.1,"美蛙,冰镇脆毛肚,竹荪虾滑"
圈儿潮汕牛肉火锅,http://www.dianping.com/shop/72449981,五星商户,1955,155,9.1,9.2,9.2,"吊 龙,生打牛肉丸,雪花牛肉"
红魔重庆美蛙火锅(浦东置汇旭辉广场店),http://www.dianping.com/shop/111813259,五星商户,732,13,9.1,9.1,9.2,"红魔招牌辣蛙,自制芝士虾滑,脆嫩毛肚"
玲姐·海鲜火锅,http://www.dianping.com/shop/125956034,五星商户,18,899,9.3,9.3,9.3,"宫廷鲍翅浓汤锅,招牌蛤蜊龙虾汤,和牛壹号"
红辣椒(徐汇店),http://www.dianping.com/shop/20926167,五星商户,21438,18,9,9,9.2,"干锅牛蛙,蓉城钵钵鸡,精品毛血旺"
海底捞火锅(龙盛广场店),http://www.dianping.com/shop/121928171,五星商户,528,142,9.1,9.2,9.1,"番茄锅底,招牌虾滑,捞派毛肚"
Mo·Mo牧场(大悦城店),http://www.dianping.com/shop/38220251,准五星商户,8314,155,8.7,8.9,8.9,"寿喜锅,严选霜降牛肩肉,焦糖布丁"
红魔重庆美蛙火锅(宏伊国际广场店),http://www.dianping.com/shop/102090073,五星商户,145,18,9.1,9,9.2,"红魔招牌辣蛙,自制芝士虾滑,脆嫩毛肚"
谭鸭血老火锅(环球港店),http://www.dianping.com/shop/110313559,四星商户,2099,146,8.3,8.4,8.1,"谭公鸭血,谭公四宝,经典谭公红锅"
海底捞火锅(绚荟城店),http://www.dianping.com/shop/127819087,五星商户,166,136,9.3,9.4,9.4,"番茄锅底,捞派滑牛肉,草原羔羊肉"
重庆高老九火锅(南京东路店),http://www.dianping.com/shop/20916623,五星商户,14285,139,9,8.9,9,"九九秘制鹅肠,牛蛙,鲜毛肚"
红魔重庆美蛙火锅(成山巴黎春天店),http://www.dianping.com/shop/111813365,五星商户,1008,106,9.1,9,9.1,"红魔招牌辣蛙,自制芝士虾滑,阳光小鲜牛（嫩牛肉）"
大渝火锅(长宁来福士店),http://www.dianping.com/shop/90980529,五星商户,2216,139,9,9.1,9.1,"脆嫩毛肚,冰脆牛黄喉,九尺鹅肠"
捞王·赤鼎台式麻辣火锅,http://www.dianping.com/shop/77012110,五星商户,2715,137,9,9,9,"赤鼎花雕鸡,麻辣鸭血,张飞锅"
海底捞火锅(莘松路店),http://www.dianping.com/shop/125313567,五星商户,214,126,9,9.1,9.1,"招牌虾滑,番茄锅底,鲜辣嫩牛肉"
坎爷秘制火锅(陆家嘴店),http://www.dianping.com/shop/97792763,五星商户,3572,144,9,9.1,9.1,"火锅牛排,毛肚,红糖糍粑"
红辣椒(张杨路店),http://www.dianping.com/shop/4223460,五星商户,25612,14,8.9,8.7,9.1,"蓉城钵钵鸡,干锅牛蛙,水煮鲶鱼"
真鲜围煮,http://www.dianping.com/shop/97223231,准五星商户,901,549,8.7,9,9,"花胶,走地鸡花胶汤,三色牛肉船"
蜀大侠火锅(四川北路店),http://www.dianping.com/shop/113156056,五星商户,1202,132,9.1,9.1,9,"牛羊天下,花千骨,红糖糍粑"
南门涮肉(世博大道总店),http://www.dianping.com/shop/43596947,五星商户,10873,136,9,9,8.8,"麻酱小料,热气羊肉,鲜羊上脑"
京炉·北京烤鸭火锅(大宁音乐广场店),http://www.dianping.com/shop/98634894,五星商户,846,134,9,9,9,"烤鸭,胡椒猪肚鸭骨汤,红糖糍粑"
海底捞火锅(高科东路店),http://www.dianping.com/shop/127652433,五星商户,397,135,9.2,9.2,9.2,"招牌虾滑,捞派滑牛肉,番茄牛肉粒汤"
海底捞火锅(三德广场店),http://www.dianping.com/shop/128001304,五星商户,138,146,9.1,9.2,9.1,"番茄锅底,捞派毛肚,牛油麻辣锅底"
行家海鲜火锅酒家,http://www.dianping.com/shop/112289987,五星商户,492,453,9.2,9.2,9.3,"花胶黄鱼锅底,奶冻,牛肉粒"
尽膳口福跷脚牛肉(新天地店),http://www.dianping.com/shop/122598019,五星商户,232,172,9.2,9.1,9.3,"九秒牛肉,红糖糍粑,一米牛舌"
逸春园海鲜酒家·港式点心火锅(长宁来福士店),http://www.dianping.com/shop/98448726,五星商户,869,246,9.1,9.1,9.1,"龙虾野菌金汤锅,泰好味腌生虾,红烧乳鸽"
南门涮肉(世博源店),http://www.dianping.com/shop/98781362,五星商户,3404,131,9,8.9,9,"鲜羊肉,麻酱小料,羊上脑"
潮香牛宴潮汕鲜牛肉火锅(飞洲国际广场店),http://www.dianping.com/shop/45333755,准五星商户,7506,17,8.9,8.4,8.7,"吊龙,嫩牛,炸腐皮"
凯达石斑鱼打边炉(长寿路店),http://www.dianping.com/shop/6328747,五星商户,6247,154,9.1,8.6,9.3,"海南文昌鸡,石斑鱼皮,石斑鱼丸"
牛New寿喜烧(徐汇店),http://www.dianping.com/shop/6603735,准五星商户,12623,130,8.8,8.6,8.5,"寿喜锅,牛肩肉,肥牛"
那都不是锅港式打边炉(金桥店),http://www.dianping.com/shop/112133141,五星商户,1925,139,9.1,8.3,8.8,"鲍鱼,养颜金米浓汤锅,竹蛏王"
季悦火锅(锦江店),http://www.dianping.com/shop/43386343,五星商户,1010,1007,9.3,9.3,9.3,"澳洲和牛,法国吉拉多生蚝,胡椒猪肚鸡锅底"
鼎王无老锅(静安店),http://www.dianping.com/shop/22181024,五星商户,6377,179,9,9.1,9.1,"冰激凌豆腐,面包豆腐白汤锅,招牌鸳鸯锅"
蜀大侠火锅(城市新汇广场店),http://www.dianping.com/shop/69949884,五星商户,4573,158,9.1,9,8.9,"花千骨,冰川鹅肠,一米牛肉(羊肉)"
纯味斑鱼府(浦东店),http://www.dianping.com/shop/21303576,五星商户,8767,163,9.1,8.8,8.9,"招牌斑鱼片,凉拌鱼皮,金桔柠檬汁"
哥老官重庆美蛙鱼头(虹口龙之梦五哥店),http://www.dianping.com/shop/27348970,五星商户,22157,139,9.1,9,9,"特色美蛙,罗宋汤,招牌空运毛肚"
哥老官重庆美蛙鱼头(沪太路大融城店),http://www.dianping.com/shop/108170329,五星商户,1712,135,9.1,9,9,"特色美蛙,招牌空运毛肚,创世纪冰粉"
哥老官重庆美蛙鱼头(莘庄龙之梦八哥店),http://www.dianping.com/shop/67440079,五星商户,8757,133,9,8.8,8.9,"特色美蛙,招牌空运毛肚,罗宋锅"
南门涮肉(中山公园店),http://www.dianping.com/shop/98925978,准四星商户,910,125,7.9,7.4,7.6,"热气羊肉,涮羊肉,羊蝎子"
就是泰Just Thai泰式火锅(张杨店),http://www.dianping.com/shop/122957217,五星商户,518,152,9.2,9.2,9.2,"椰奶冻,冬阴功椰奶鸳鸯锅,鱼子福袋"
鼎王无老锅(黄金城道店),http://www.dianping.com/shop/6075188,五星商户,5841,171,9.1,9.1,9.1,"冰激凌豆腐,面包豆腐白汤锅,招牌鸳鸯锅"
捞王锅物料理(BFC外滩金融中心店),http://www.dianping.com/shop/98081717,五星商户,177,156,9.2,9.3,9.3,"爆浆手打虾丸,猪肚鸡中锅,雪花牛肉"
就是泰Just Thai泰式火锅(长寿路店),http://www.dianping.com/shop/94296766,五星商户,6975,157,9.1,9.1,9.1,"椰香奶冻,特色鸳鸯锅,鱼子福袋"
御品港式肥牛海鲜火锅(虹桥店),http://www.dianping.com/shop/110367131,五星商户,170,692,9.3,9.1,9.2,"招牌雪花牛肉,港式肥牛,加拿大一级象拔蚌"
红魔重庆美蛙火锅(宝山龙湖天街店),http://www.dianping.com/shop/113075823,五星商户,545,1,9.1,9.1,9.1,"红魔招牌辣蛙,自制芝士虾滑,阳光小鲜牛（嫩牛肉）"
上房火鍋(嘉定现厂店),http://www.dianping.com/shop/126639615,五星商户,50,592,9.2,9.3,9.2,"花胶鸡汤,富贵虾,上房三色牛肉"
那都不是锅港式打边炉(嘉定店),http://www.dianping.com/shop/124557787,准五星商户,517,138,9,8.5,9,"鲍鱼,养颜花胶鸡,竹蛏王"
哥老官重庆美蛙鱼头(96广场店),http://www.dianping.com/shop/67749532,五星商户,14520,139,9,8.6,9,"特色美蛙,麻辣罗宋锅,招牌空运毛肚"
幻幻锅物(南京西路店),http://www.dianping.com/shop/113090469,五星商户,167,179,9.1,9.1,9.2,"北国珍灿海胆锅,海胆蒸蛋,海陆雪糕"
鼎王无老锅(茂名北路店),http://www.dianping.com/shop/92996009,五星商户,1655,175,9,9.1,9.1,"冰激凌豆腐,养乐多冰沙,面包豆腐锅"
哥老官重庆美蛙鱼头(滨江百联十二哥店),http://www.dianping.com/shop/91596631,五星商户,2863,135,9.1,9,9,"特色美蛙,罗宋汤,招牌空运毛肚"
哥老官重庆美蛙鱼头(中环百联十五哥店),http://www.dianping.com/shop/92660505,准五星商户,3122,133,9,8.9,8.9,"特色美蛙,招牌空运毛肚,清纯的鸭血"
海底捞火锅(龙茗路店),http://www.dianping.com/shop/5391970,五星商户,4359,137,9.1,9.2,9.3,"番茄锅底,捞派澳洲肥牛,捞派毛肚"
南门涮肉(城隍庙店),http://www.dianping.com/shop/114470010,准五星商户,678,122,8.7,8.1,8.3,"热气羊肉,现切牛羊肉,涮羊肉"
洪太极热气羊肉羊蝎子火锅(徐汇店),http://www.dianping.com/shop/69711586,五星商户,2265,136,9,8.8,9,"招牌馕坑烤羊蝎子,红柳枝烤羊肉串,冰泉水火锅"
捞王锅物料理(虹口龙之梦店),http://www.dianping.com/shop/112229873,五星商户,228,143,9.1,9.2,9,"猪肚鸡,爆浆手打虾丸,玫瑰雪花牛舌"
海底捞火锅(张杨路店),http://www.dianping.com/shop/4271630,五星商户,14586,142,9.1,9.1,9.3,"招牌虾滑,功夫面,羊肉卷"
海底捞火锅(张杨路店),http://www.dianping.com/shop/4271630,五星商户,14586,142,9.1,9.1,9.3,"招牌虾滑,功夫面,羊肉卷"
正國老火锅(魔都直营店),http://www.dianping.com/shop/97702316,准五星商户,197,146,9,8.3,8.8,"金牌活杀牛蛙,招牌重庆老灶火锅,鲜鸭血"
海底捞火锅(118广场店),http://www.dianping.com/shop/92871687,五星商户,2337,139,9.2,9.2,9.3,"番茄锅底,招牌虾滑,捞派毛肚"
海底捞火锅(长寿路店),http://www.dianping.com/shop/2483137,五星商户,14442,135,8.7,8.8,9.2,"捞派滑牛肉,虾滑特新鲜,功夫面"
海底捞火锅(中信泰富万达广场店),http://www.dianping.com/shop/125400850,五星商户,350,135,9.1,9.2,9.2,"招牌虾滑,番茄锅底,自选小料"
哥老官重庆美蛙鱼头(日月光店),http://www.dianping.com/shop/15959175,五星商户,30234,136,9.1,8.8,8.9,"极品肥牛,鲜黄喉,罗宋汤锅底"
左庭右院鲜牛肉火锅(联洋广场店),http://www.dianping.com/shop/126942662,准五星商户,41,132,8.9,8.7,8.9,"吊龙,匙皮肉,胸口涝"
就是泰Just Thai泰式火锅(打浦桥日月光店),http://www.dianping.com/shop/102209028,五星商户,2850,153,9.1,9.1,9.1,"椰香奶冻,特色鸳鸯锅,鱼子福袋"
哥老官重庆美蛙鱼头(文峰广场十三哥店),http://www.dianping.com/shop/91596480,五星商户,3655,132,9.1,9,9.1,"特色美蛙,罗宋汤,招牌空运毛肚"
海底捞火锅(江桥万达店),http://www.dianping.com/shop/44280768,五星商户,2697,144,9.2,9.2,9.2,"招牌虾滑,番茄双色汤底,捞派毛肚"
海底捞火锅(沪太路店),http://www.dianping.com/shop/5453516,五星商户,6226,135,9.2,9.2,9.3,"番茄锅底,招牌虾滑,捞派澳洲肥牛"
蜀大侠火锅(人民广场店),http://www.dianping.com/shop/92748939,准五星商户,3319,144,8.6,8.4,8.2,"花千骨,红糖糍粑,贵妃牛肉"
就是泰Just Thai泰式火锅(金陵东路店),http://www.dianping.com/shop/26232805,五星商户,25990,157,9.1,9,9.1,"椰香奶冻,鱼子福袋,招牌龙虾冬阴功锅"
楼上火锅(南汇路店),http://www.dianping.com/shop/93894867,五星商户,3389,481,9.2,9.1,9.2,"金牌土鸡花胶锅,斑节虾,炸粟米"
哥老官重庆美蛙鱼头(人民广场店),http://www.dianping.com/shop/19612173,五星商户,30514,141,9.1,8.5,8.8,"特色美蛙,牛油罗宋锅,又肥又嫩的牛娃。"
今日牛事潮汕鲜牛肉火锅(静安寺店),http://www.dianping.com/shop/32445963,准五星商户,4875,133,9,9,8.8,"吊龙,手打牛肉丸,招牌锅底"
就是泰Just Thai 泰式火锅(虹桥南丰城店),http://www.dianping.com/shop/102423908,五星商户,1806,156,9.1,9.2,9.2,"招牌鸳鸯锅底（冬阴+椰奶）,椰子冻,鱼子福袋"
海底捞火锅(漕宝路店),http://www.dianping.com/shop/113152415,五星商户,851,141,9.1,9.2,9.2,"番茄锅底,招牌虾滑,精品肥牛"
煲宫(月星环球港店),http://www.dianping.com/shop/91746570,五星商户,1805,132,9,8.8,9.1,"煲宫养生猪肚鸡,特制炸豆皮,特色煲仔饭"
绝代芳华,http://www.dianping.com/shop/108227148,五星商户,568,550,9.1,9.3,8.8,"囍欢流沙包,牛魔王拼盘,火焰龙虾番茄牛尾汤"
海底捞火锅(百盛购物中心店),http://www.dianping.com/shop/110424068,五星商户,1261,141,9.1,9.2,9.2,"番茄锅底,招牌虾滑,捞派毛肚"
街儿巷小郡肝串串香火锅(人民广场店),http://www.dianping.com/shop/114872528,准五星商户,423,108,8.6,8,8.5,"小郡肝,香菜牛肉,麻辣牛肉"
海底捞火锅(青浦宝龙店),http://www.dianping.com/shop/126576249,五星商户,281,132,9,9.1,9.1,"番茄锅底,招牌虾滑,捞派毛肚"
上上谦串串香火锅(徐汇旗舰店),http://www.dianping.com/shop/8905535,五星商户,6740,128,9,9,9.1,"自制芝士虾滑,串串虾,秘制牛肉签"
海底捞火锅(巴黎春天浦建店),http://www.dianping.com/shop/15857909,五星商户,5046,142,9.2,9.2,9.3,"招牌虾滑,番茄锅底,功夫面"
海底捞火锅(新松江城店),http://www.dianping.com/shop/95127273,五星商户,2101,131,9.2,9.3,9.3,"番茄锅,招牌虾滑,捞派澳洲肥牛"
大龙燚火锅(天钥桥路店),http://www.dianping.com/shop/101924215,准五星商户,153,148,8.6,8.5,8.1,"牛排,大龙燚千层肚,鸳鸯锅"
尚海豆捞(乐虹坊店),http://www.dianping.com/shop/122069254,五星商户,249,229,9.3,9.3,9.1,"深水虾,龙趸,油条"
辣府肉铺圌·牛排火锅(嘉善路店),http://www.dianping.com/shop/127840353,五星商户,148,132,9,8.9,8.7,"火锅牛排,酥肉,dangdang鲜鸭血"
洋房火锅(新天地店),http://www.dianping.com/shop/8844957,五星商户,4153,977,9.2,9.3,9.3,"松茸汤底,顶级黑毛和牛,煎极品牛肉粒"
山海精蟹粉火锅,http://www.dianping.com/shop/110112999,五星商户,726,422,9.2,9,9,"蟹粉火锅,加拿大象拔蚌,严选雪花牛肉"
鼎王无老锅(衡山路店),http://www.dianping.com/shop/8717558,五星商户,10166,173,8.9,9.1,9,"冰激凌豆腐,面包豆腐白汤锅,招牌鸳鸯锅"
海底捞火锅(逸仙路店),http://www.dianping.com/shop/2481838,五星商户,8569,129,8.8,9,9.2,"功夫面,翠墨鱼滑,精品肥牛"
海底捞火锅(静安大融城店),http://www.dianping.com/shop/110776326,五星商户,903,135,9,9.1,9.1,"番茄锅底,招牌虾滑,无刺巴沙鱼片"
香满楼 海鲜肥牛火锅,http://www.dianping.com/shop/125281822,五星商户,49,259,9,9.1,9.1,"招牌走地鸡煲花胶汤底,三色牛肉船,斑节虾"
海底捞火锅(吴中路店),http://www.dianping.com/shop/2014165,准五星商户,18214,124,8.2,8.3,9.1,"功夫面,捞派滑牛肉,招牌虾滑"
红魔重庆美蛙火锅(特力时尚汇店),http://www.dianping.com/shop/67882583,五星商户,1789,14,9,8.7,9,"大吉大利今晚吃蛙,自制芝士虾滑,招牌麻辣鸳鸯锅"
哥老官重庆美蛙鱼头(周浦万达十四哥店),http://www.dianping.com/shop/92674849,准五星商户,3017,138,9,8.8,8.7,"特色美蛙,空运毛肚,鸭血"
湊湊火锅·茶憩(百联南方店),http://www.dianping.com/shop/98087249,准五星商户,1748,152,8.8,9.1,9,"大红袍珍珠奶茶,飞鱼籽墨鱼滑,台式麻辣锅"
满园火锅,http://www.dianping.com/shop/96065896,五星商户,396,363,9.2,9.1,9.3,"花胶走地鸡锅底,斑节虾,手切特级牛排肉"
一炉小凤鲜炭炉火锅(茅台路店),http://www.dianping.com/shop/96213054,五星商户,663,177,9.1,8.9,9.1,"招牌小凤鲜,金牌秘制蟹,大连鲍鱼"
协乐海鲜火锅,http://www.dianping.com/shop/124162402,准五星商户,55,500,8.8,9.1,9,"松茸花胶鸡汤锅,特选去骨散鸡,特选牛肉"
爱上六头鲍港式打边炉,http://www.dianping.com/shop/109977799,准五星商户,1267,18,8.9,8.9,8.6,"六头鲍,养颜花胶鸡浓汤锅,八秒毛肚"
爸爸炒料牛排老火锅(淮海路旗舰店),http://www.dianping.com/shop/126765153,准五星商户,192,10,8.9,8.6,8.4,"爸爸煮牛排骨,糖制番茄,蛋酥糍粑"
捞王锅物料理(世茂广场店),http://www.dianping.com/shop/98954426,五星商户,1006,142,9.1,9.1,8.9,"猪肚鸡火锅,爆浆手打虾丸,胡椒猪肚鸡"
八万羊蝎子铜锅涮羊肉,http://www.dianping.com/shop/90588122,准五星商户,287,184,9,8.7,8.8,"红柳羊肉串,蒜香口味小龙虾,北冰洋汽水"
香港柒胜海鲜火锅酒家(联洋店),http://www.dianping.com/shop/102207129,准五星商户,455,391,9.1,9,8.5,"足火黄油鸡煲花胶翅汤锅,雪花肥牛,海鮮拼盆（大）"
上上谦串串香火锅(新梅联合广场店),http://www.dianping.com/shop/5473698,准五星商户,41585,122,8.6,8.4,8.6,"秘制牛肉签,自制芝士虾滑,串串虾"
楼上火锅(茂名南路店),http://www.dianping.com/shop/73498668,五星商户,5960,488,9.1,8.7,9.1,"金牌土鸡花胶锅,椒盐粟米,招牌三色牛肉船"
熊猫老灶火锅(延安西路店),http://www.dianping.com/shop/65594079,五星商户,10178,197,9,9,9,"鸳鸯锅,美蛙,重庆酥肉"
海底捞火锅(第一百货店),http://www.dianping.com/shop/18489851,五星商户,6860,148,9.1,9.2,9.2,"招牌虾滑,番茄锅底,捞派滑牛肉"
大龙燚火锅(长寿店),http://www.dianping.com/shop/24987441,四星商户,4649,155,8.5,8.1,8,"牛排,大刀毛肚,鸭血"
海底捞火锅(华山路店),http://www.dianping.com/shop/6110204,五星商户,9626,140,9.1,9.1,9.2,"招牌虾滑,番茄锅底,捞派滑牛肉"
左庭右院鲜牛肉火锅(环球港店),http://www.dianping.com/shop/27032759,五星商户,7123,147,9.1,9,9,"吊龙,嫩肉,炸腐皮"
锅太泰泰式火锅餐厅,http://www.dianping.com/shop/72476715,准五星商户,2613,228,9,9,8.9,"冬阴功汤底,椰子冻,椰汁锅底"
海底捞火锅(五角场店),http://www.dianping.com/shop/21274580,五星商户,176,137,9.1,9.2,9.3,"招牌虾滑,雪花肥羊肉,特级鲜鸭肠"
吴老幺火锅(静安店),http://www.dianping.com/shop/127927859,五星商户,59,89,9,9,8.7,"吴家鲜毛肚,秘制牛肉,吴家虾滑"
楼上荟馆(静安嘉里中心店),http://www.dianping.com/shop/120072485,五星商户,386,667,9.2,9.3,9.2,"走地鸡煲花胶螺头汤,肆十年陈皮红豆沙,精选黑毛牛肉"
宴羊集市火锅,http://www.dianping.com/shop/66591621,五星商户,4398,134,9.1,8.8,9,"热气羊肉,八小时羊骨汤锅,羊肉串"
海底捞火锅(打浦路店),http://www.dianping.com/shop/4017154,五星商户,12277,137,9,9,9.2,"招牌虾滑,捞派澳洲肥牛,翡翠墨鱼滑"
海底捞火锅(控江路店),http://www.dianping.com/shop/110255103,五星商户,148,132,9.1,9.2,9.2,"鸡蛋虾滑油面筋,番茄牛肉汤,捞派毛肚"
曹疯子老火锅,http://www.dianping.com/shop/107780691,四星商户,15,97,7.9,8.2,7.8,"曹疯子鲜切牛肉,曹疯子小菌肝,曹疯子秘制酸梅汤"
汤呈逸品(新天地店),http://www.dianping.com/shop/99216127,五星商户,702,420,9.1,9,9.1,"逸品花胶鱼翅辽参土鸡锅,斑节虾,逸品牛肉船"
上房火鍋(新天地店),http://www.dianping.com/shop/98597037,五星商户,666,660,9.1,9.1,9.1,"花胶鸡锅底,椒盐富贵虾,上房极上禾牛"
上房火鍋(外滩店),http://www.dianping.com/shop/122012118,五星商户,245,710,9.3,9.1,9.1,"鸡煲花胶翅汤底,上房三色牛肉船,大连鲜鲍"
海底捞火锅(北京西路店),http://www.dianping.com/shop/4017151,五星商户,9855,141,8.9,9,9.2,"功夫面,蟹肉棒,越煮越嫩羊肉"
欲之宴·香焰黑椒牛肉锅,http://www.dianping.com/shop/101226788,五星商户,225,183,8.9,8.9,9,"十八香经典龙虾,烤生蚝,醉迷红楼VIP特大龙虾"
上房火鍋(建業里店),http://www.dianping.com/shop/92399610,五星商户,1502,687,9.1,9,9.1,"花胶鸡锅底,上房三色牛肉船,椒鹽粟米"
筑间幸福锅物(长寿路店),http://www.dianping.com/shop/102145559,五星商户,721,137,9.1,9,9.1,"鲜菇牛奶锅,明治冰激凌,芝士牛奶锅"
坎爷火锅(来福士店),http://www.dianping.com/shop/124758589,五星商户,121,125,8.9,9.1,9.2,"火锅牛排,秘制毛肚,鸭血"
辣府肉铺圌·牛排火锅,http://www.dianping.com/shop/121558333,准五星商户,848,123,8.8,9,8.7,"火锅牛排鸳鸯锅,嫩牛肉,冰粉"
蜀今朝火锅,http://www.dianping.com/shop/124481055,四星商户,336,109,8.2,8,8,"芝士虾滑,鲜毛肚,雪花牛肉"
最伙Hot Pot(嘉廷酒店店),http://www.dianping.com/shop/114445999,五星商户,663,150,9.3,9.4,9.4,"鸳鸯锅底,虾滑,雪花级别牛小排"
捞王锅物料理(五角场店),http://www.dianping.com/shop/96314327,五星商户,1685,144,9.1,9,9,"胡椒猪肚锅,爆浆手打虾丸,煲仔饭"
囍蔻港式点心火锅,http://www.dianping.com/shop/108109598,五星商户,951,463,9,9.1,9.1,"原味浓汁花胶煲老鸡锅底,冰火咕咾肉,斑节虾王"
捞王锅物料理(虹桥天地店),http://www.dianping.com/shop/58260604,五星商户,4126,145,9.1,9.1,9,"胡椒猪肚鸡中煲,爆浆手打虾丸,煲仔饭"
百味记小郡肝·林蛙鱼火锅串串香(松江旗舰店),http://www.dianping.com/shop/96718933,四星商户,481,93,8.1,7.4,7.5,"招牌小郡肝(土鸭郡肝),麻辣牛肉,香菜牛肉"
上上谦串串香火锅(虹口龙之梦店),http://www.dianping.com/shop/17679013,五星商户,35468,124,9,8.8,9,"串串香嫩牛肉,自制芝士虾滑,串串虾"
那都不是锅港式打边炉(中山公园店),http://www.dianping.com/shop/126020613,准五星商户,772,122,8.8,8.5,8.7,"鲍鱼,竹蛏王,花胶鸡"
潮界(绿地缤纷城店),http://www.dianping.com/shop/77453012,五星商户,3297,103,9.1,8.7,9.2,"手打牛肉丸,吊龙,潮界湿炒牛肉河粉"
臙脂火锅(新天地店),http://www.dianping.com/shop/103668699,五星商户,362,391,8.9,9.1,9.1,"臭豆腐,澳洲和牛M5,牛黄喉"
蜀大侠火锅(松江店),http://www.dianping.com/shop/120105247,准五星商户,748,145,9,9,8.9,"霸王牛(羊)肉圈 抖音网红同款,会生气的养乐多,大侠酥肉"
海底捞火锅(大华店),http://www.dianping.com/shop/81001855,五星商户,2600,132,9.2,9.2,9.3,"招牌虾滑,番茄锅,鸭血"
熊猫老灶火锅(北外滩·白玉兰广场店),http://www.dianping.com/shop/110527534,准五星商户,555,169,8.8,9,8.5,"熊猫三宝,和牛拼盘,熊猫鸳鸯锅"
蜀大侠火锅(城市新汇广场店),http://www.dianping.com/shop/69949884,五星商户,4573,158,9.1,9,8.9,"花千骨,冰川鹅肠,一米牛肉(羊肉)"
奇门涮肉(南京西路店),http://www.dianping.com/shop/96138357,准五星商户,1586,174,8.8,9,8.9,"高钙羊肉,爆肚,鲜椒锅"
傲徕轩·海鲜火锅(丰尚国际店),http://www.dianping.com/shop/101225394,五星商户,144,190,9.4,9.1,9.2,"基围虾,雪花牛肉,昆布龙骨汤"
高兴一锅·石斑鱼海鲜火锅(中兴店),http://www.dianping.com/shop/19348382,五星商户,1839,172,9.2,8.4,9,"深海石斑鱼,大竹蛏,石斑鱼丸"
牛new寿喜烧(南京东路步行街店),http://www.dianping.com/shop/70444901,五星商户,6637,141,9,9,8.9,"寿喜锅,牛肩肉,特选肥牛"
左庭右院鲜牛肉火锅(金桥国际店),http://www.dianping.com/shop/47885431,五星商户,4504,134,9.1,9,9,"吊龙,牛骨清汤锅,牛筋丸"
海底捞火锅(中山中路店),http://www.dianping.com/shop/123931181,五星商户,215,142,9.2,9.3,9.3,"招牌虾滑,捞派滑牛肉,番茄锅底"
红魔重庆美蛙火锅(百联世纪店),http://www.dianping.com/shop/93932535,五星商户,1815,109,9,8.9,9.1,"红魔招牌辣蛙,自制芝士虾滑,招牌雪花肥牛"
哥老官重庆美蛙鱼头(长宁龙之梦店),http://www.dianping.com/shop/63218225,准五星商户,14033,139,9,8.4,8.6,"牛蛙,招牌空运毛肚,清纯的鸭血"
捞王锅物料理(缤谷文化休闲广场店),http://www.dianping.com/shop/66193274,五星商户,3517,147,9.1,9.1,9,"胡椒猪肚鸡,爆浆手打虾丸,皇上皇腊味煲仔饭(小煲)"
香港鲜入围煮,http://www.dianping.com/shop/128466444,五星商户,120,462,9.1,8.1,8.7,"浓厚鸡煲花胶汤,安格斯手切牛肉,花竹暇"
鸿福海鲜四季火锅,http://www.dianping.com/shop/126702572,准五星商户,47,328,8.8,8.3,9,"活鲍鱼,炸鱼皮,脆肉鲩鱼片"
御馆,http://www.dianping.com/shop/75096430,五星商户,438,279,9.1,8.8,8.5,"刺身拼盘,酱烤活鳗鱼,寿司拼盘"
左庭右院鲜牛肉火锅(三林印象城店),http://www.dianping.com/shop/112252222,五星商户,639,127,9.1,9.1,9,"鲜牛肉,吊龙,牛骨原汤锅"
捞王锅物料理(金桥国际店),http://www.dianping.com/shop/95094889,五星商户,1230,144,9.1,9.1,9,"胡椒猪肚鸡,爆浆手打虾丸,腊味饭"
左庭右院鲜牛肉火锅(汇智广场店),http://www.dianping.com/shop/97572936,五星商户,1046,125,9.1,9.1,9.1,"吊龙,鲜牛杂鸳鸯锅,香炸腐皮"
海底捞火锅(海宁路店),http://www.dianping.com/shop/2224159,准五星商户,10169,129,8.3,8.4,9.2,"招牌虾滑,功夫面有点真功夫,特级肥牛"
舞渔日料美人胶原锅(中山公园龙之梦店),http://www.dianping.com/shop/110519835,五星商户,3088,136,9.1,9.1,9.1,"美人胶原锅（小份）,厚烤牛舌,明太子山药烧"
左庭右院鲜牛肉火锅(宝山万达店),http://www.dianping.com/shop/102144276,五星商户,772,128,9,9,8.7,"吊龙,香炸腐皮,匙皮肉"
锅季-捞王旗下小火锅,http://www.dianping.com/shop/70443384,五星商户,2456,126,9,9.2,9.2,"炸腐皮卷,元氣鍋,蝦滑"
蜀汉大渔·鱼头肥肠火锅(国权东路店),http://www.dianping.com/shop/104547836,五星商户,891,120,9.1,8.8,9.1,"蜀汉大渔炝香酸菜锅,花鲢大鱼头,蜀汉大渔炝香红锅"
左庭右院鲜牛肉火锅(大宁国际店),http://www.dianping.com/shop/102144096,五星商户,929,136,9.1,9.1,9.1,"吊龙,炸腐皮,鲜牛肉丸"
蜀大侠火锅(长寿路店),http://www.dianping.com/shop/113156140,准五星商户,800,133,9,8.8,8.5,"牛羊天下,花千骨,贵妃牛肉"
捞王锅物料理(凯德晶萃店),http://www.dianping.com/shop/98954614,五星商户,560,143,9,9,9,"猪肚鸡汤,煲仔饭,爆浆手打虾丸"
钢管厂五区小郡肝串串香火锅(上海旗舰店),http://www.dianping.com/shop/125116968,五星商户,436,17,9.2,9,9,"麻辣小郡肝,9秒鲜毛肚,番茄红油鸳鸯锅底"
蜀大侠火锅(田林路店),http://www.dianping.com/shop/95379991,准五星商户,2025,154,9,8.8,8.7,"霸王牛肉圈抖音网红同款,花千骨,大侠水牛毛肚"
红魔重庆美蛙火锅(宝山万达店),http://www.dianping.com/shop/92340316,五星商户,2492,10,9.1,9,9.1,"大吉大利今晚吃蛙,红魔招牌辣蛙,自制芝士虾滑"
炉得香烤鸭火锅(龙茗路店),http://www.dianping.com/shop/97435241,准五星商户,1958,97,8.7,8.4,8.6,"果木片皮烤鸭,酸萝卜锅底,猪肚鸭架锅"
捞王锅物料理(巴黎春天淮海店),http://www.dianping.com/shop/66191084,五星商户,4788,140,9.1,9,9,"胡椒猪肚鸡,爆浆手打虾丸,皇上皇腊味煲仔饭"
左庭右院鲜牛肉火锅(第一百货店),http://www.dianping.com/shop/91617888,五星商户,1428,129,9.1,9,9.1,"吊龙,鲜牛杂鸳鸯锅,炸腐皮"
哥老官重庆美蛙鱼头(五角场合生汇店),http://www.dianping.com/shop/58346225,准五星商户,16391,135,9,8.6,8.7,"特色美蛙,罗宋鸳鸯锅,招牌空运毛肚"
捞王锅物料理(长寿路店),http://www.dianping.com/shop/13856991,五星商户,9135,149,9.1,9,9,"胡椒猪肚鸡,皇上皇腊味煲仔饭,马蹄竹蔗水"
舞渔日料美人胶原锅(太平洋店),http://www.dianping.com/shop/97849102,五星商户,6481,143,9.1,9,9.1,"美人胶原锅（小份）,厚烤牛舌,握寿司?炙烤鹅肝"
宙司汇英式宫廷Hotpot&Dessert(香港直營店),http://www.dianping.com/shop/111918578,准五星商户,13,312,8.5,9,9.1,"火锅套餐,创意分子料理蛋糕甜品,港式四寶"
左庭右院鲜牛肉火锅(虹口龙之梦店),http://www.dianping.com/shop/75094962,五星商户,2357,138,9,8.9,8.9,"吊龙,炸腐皮,鲜牛杂鸳鸯锅"
左庭右院鲜牛肉火锅(漕宝路日月光店),http://www.dianping.com/shop/69948722,五星商户,1516,128,9.1,9,8.9,"吊龙,炸腐皮,鲜牛肉"
红魔重庆美蛙火锅(环球港店),http://www.dianping.com/shop/69666481,五星商户,7491,12,9,8.5,9,"红魔招牌辣蛙,自制芝士虾滑,招牌麻辣鸳鸯锅"
左庭右院鲜牛肉火锅(宝山万达店),http://www.dianping.com/shop/102144276,五星商户,772,128,9,9,8.7,"吊龙,香炸腐皮,匙皮肉"
电台巷火锅(魔都直营店),http://www.dianping.com/shop/98958527,准五星商户,1438,149,8.5,7.8,8.4,"嫩牛肉,手工糍粑,毛肚"
辣府肉铺圌·牛排火锅,http://www.dianping.com/shop/121558333,准五星商户,848,123,8.8,9,8.7,"火锅牛排鸳鸯锅,嫩牛肉,冰粉"
左庭右院鲜牛肉火锅(七宝万科店),http://www.dianping.com/shop/65495054,五星商户,2300,126,9,9,9,"吊龙,嫩肉,鲜牛肉丸"
熊猫老灶火锅(北外滩·白玉兰广场店),http://www.dianping.com/shop/110527534,准五星商户,555,169,8.8,9,8.5,"熊猫三宝,和牛拼盘,熊猫鸳鸯锅"
海底捞火锅(大融城店),http://www.dianping.com/shop/98134118,五星商户,998,140,9.1,9.2,9.2,"番茄锅底,招牌虾滑,捞派毛肚"
重庆高老九火锅(普陀环球港店),http://www.dianping.com/shop/110257595,五星商户,1018,137,9.1,9,9.1,"美蛙,冰镇脆毛肚,竹荪虾滑"
蜀汉大渔·鱼头肥肠火锅(国权东路店),http://www.dianping.com/shop/104547836,五星商户,891,120,9.1,8.8,9.1,"蜀汉大渔炝香酸菜锅,花鲢大鱼头,蜀汉大渔炝香红锅"
平谷屋日料,http://www.dianping.com/shop/125232488,准五星商户,241,125,8.9,8.5,9,"寿喜锅,香煎巴西厚烧牛舌,蟹斗"
富公馆火锅,http://www.dianping.com/shop/124346803,五星商户,169,502,9,9.1,9,"炸豆皮,牛肉牛舌拼盘,奶冻"
一緒に寿喜烧,http://www.dianping.com/shop/126219090,准五星商户,190,175,8.9,9,8.6,"澳洲M6+极上和牛,寿喜锅,刺身拼盘"
九鼎轩脆毛肚火锅(南京东路店),http://www.dianping.com/shop/35450435,五星商户,4643,12,9,8.8,9,"脆毛肚,招牌鸭血,冰水鹅肠"
左庭右院鲜牛肉火锅(仲盛世界商城店),http://www.dianping.com/shop/112252247,五星商户,676,131,9.1,9.1,9.1,"吊龙,鲜牛肉,牛杂锅"
重庆高老九火锅(静安大融城店),http://www.dianping.com/shop/100550960,五星商户,840,131,9,9.1,9,"美蛙,冰镇脆毛肚,冰镇黄喉"
捞王锅物料理(近铁城市广场店),http://www.dianping.com/shop/32752267,五星商户,4807,138,9.1,9.1,9.1,"招牌煲仔饭,胡椒猪肚锅,太极猪肚鸡"
湊湊火锅·茶憩(合生汇店),http://www.dianping.com/shop/121526330,准五星商户,1517,151,8.6,9,8.7,"大红袍珍珠奶茶,花胶锅,台式麻辣锅"
捞王锅物料理(浦东置汇旭辉广场店),http://www.dianping.com/shop/98081814,五星商户,373,147,9.1,9.1,9.1,"猪肚鸡锅,爆浆手打虾丸,煲仔饭"
红辣椒(安信商业广场店),http://www.dianping.com/shop/2186323,五星商户,2169,108,8.9,8.9,9,"红油麻辣火锅,川西泼辣鱼,干锅牛蛙"
小三宝火锅(虹口店),http://www.dianping.com/shop/22158469,五星商户,5956,154,9.1,9.2,9.1,"有机活体豆苗,小三宝秘制嫩牛肉,三宝手工丸类组合"
京炉·北京烤鸭火锅(长寿店),http://www.dianping.com/shop/94034314,五星商户,1516,19,9,8.8,9.1,"片皮鸭,黑胡椒猪肚鸭架锅,烤鸭"
蜀大侠火锅(长寿路店),http://www.dianping.com/shop/113156140,准五星商户,800,133,9,8.8,8.5,"牛羊天下,花千骨,贵妃牛肉"
洋房火锅(岳阳路店),http://www.dianping.com/shop/4663518,五星商户,1816,1058,9.1,9.1,9.1,"鼎级黑毛和牛,松茸汤底,极品和牛粒"
鸠鹚古镇老火锅,http://www.dianping.com/shop/112606267,五星商户,517,129,8.9,9.2,9.1,"古镇特色千层肚,手工鲜虾滑,古镇老火锅"
幻幻锅物(天钥桥路店),http://www.dianping.com/shop/112531531,五星商户,549,184,8.7,9.1,9.2,"海胆锅,日式海胆蒸蛋,海陆雪糕"
捞王锅物料理(凯旋路店),http://www.dianping.com/shop/3703555,五星商户,1201,134,9,8.2,8.5,"皇上皇腊味煲仔饭,雪花牛肉,爆浆芝士虾球"
红魔重庆美蛙火锅(大宁国际店),http://www.dianping.com/shop/124131459,五星商户,436,98,9.1,9,8.9,"红魔招牌辣蛙,麻辣96初恋锅,阳光小鲜牛（嫩牛肉）"
捞王锅物料理(龙湖天街店),http://www.dianping.com/shop/96314244,五星商户,832,134,9.1,9.1,9.1,"胡椒猪肚鸡,皇上皇腊味煲仔饭,爆浆手打虾丸"
姥佛爷火锅,http://www.dianping.com/shop/95051856,五星商户,1379,18,8.7,9.2,9.1,"姥姥牛蛙鸳鸯锅,姥佛爷手工豆腐,姥姥牛肉"
九鼎轩脆毛肚火锅(打浦路店),http://www.dianping.com/shop/32666090,五星商户,5761,17,9,8.6,8.7,"脆毛肚,虾滑,冰水鹅肠"
哥老官重庆美蛙鱼头(松江地中海十八哥店),http://www.dianping.com/shop/23509851,准五星商户,1599,132,9,8.8,8.9,"罗宋汤,招牌空运毛肚,放学小肉串"
壹小馆·皇城老妈小火锅(香港广场店),http://www.dianping.com/shop/97834670,准五星商户,2743,145,8.3,8.9,8.2,"鸳鸯锅,肥牛,蟹柳"
御花园环岛（香港）海鲜火锅,http://www.dianping.com/shop/19088350,五星商户,545,376,9.1,9.1,8.7,"精选雪花牛肉,竹节虾,极品菌汤锅"
捞王锅物料理(协信店),http://www.dianping.com/shop/57246811,五星商户,5430,137,9.1,9,8.9,"胡椒猪肚鸡特大煲,皇上皇腊味煲仔饭,爆浆手打虾丸"
左庭右院鲜牛肉火锅(百联川沙店),http://www.dianping.com/shop/73562615,五星商户,1518,134,9,8.9,8.7,"吊龙,鲜牛杂鸳鸯锅,炸腐皮"
邂逅丽江·鲜货斑鱼府(人民广场店),http://www.dianping.com/shop/59399241,准五星商户,7851,144,8.8,8.8,8.5,"邂逅丽江活斑鱼,虾滑,咸蛋黄年糕"
汕头八合里海记牛肉店(中山公园店),http://www.dianping.com/shop/108337337,准五星商户,2468,107,8.9,8.4,8.1,"吊龙伴,沙茶酱,手捶牛肉丸（生丸）"
大自然醉鹅·铁锅火焰鹅,http://www.dianping.com/shop/112316232,准五星商户,374,100,9,8.2,8.9,"招牌醉鹅,鹅血,香煎鹅肝"
老高家热气涮羊肉&蚝红天虾(上南店),http://www.dianping.com/shop/20665020,五星商户,3428,127,9.1,8.4,9,"冰镇龙虾,羊蝎子火锅,热气羊肉"
傲徕轩·海鲜火锅(丰尚国际店),http://www.dianping.com/shop/101225394,五星商户,144,190,9.4,9.1,9.2,"基围虾,雪花牛肉,昆布龙骨汤"
四川香天下火锅(宝山万达店),http://www.dianping.com/shop/122708991,五星商户,873,137,9,8.8,8.8,"九宫格,荣华富贵锅底,农家酥肉"
一间房茶庄,http://www.dianping.com/shop/14736077,准五星商户,162,699,8.6,9.1,8.8,"有机蔬菜自助火锅,深海牡丹虾,安格斯牛肉"
聚酒锅(金虹桥国际中心店),http://www.dianping.com/shop/67306938,五星商户,1317,543,9,9.3,8.9,"招牌脆肉鲩鱼汤锅,脆肉鲩鱼片,炸鱼皮"
重庆高老九火锅(徐家汇店),http://www.dianping.com/shop/17886206,准五星商户,13278,136,9,8.6,8.8,"冰镇毛肚,一品嫩鲶鱼,鸭血"
渝利火锅(长泰广场店),http://www.dianping.com/shop/18004188,准五星商户,10641,134,8.9,8.7,8.8,"渝利鸳鸯锅,空运绿色毛肚,空运鲜黄喉"
黄门老灶火锅,http://www.dianping.com/shop/98976936,五星商户,1002,153,9,8.9,9,"毛肚,招牌嫩牛肉,鲜活豆苗"
煲宫(悦荟广场店),http://www.dianping.com/shop/92753922,五星商户,1362,127,9,9,9.1,"养生猪肚鸡锅底,特制炸豆皮,爆浆芝士虾丸"
重庆高老九火锅(汇智国际商业中心店),http://www.dianping.com/shop/68990090,五星商户,4656,134,9,8.8,9,"牛蛙,鲜毛肚,九九秘制鹅肠"
春熙小串仙火锅,http://www.dianping.com/shop/110528833,五星商户,597,15,8.9,9,9,"菌菇系牛肉串串,水牛毛肚,玫瑰虾仁牛肉"
羊大爷涮肉(静安店),http://www.dianping.com/shop/98574172,准五星商户,1652,127,8.8,8.6,8.4,"羊大爷,热气羊肉,手切鲜羊肉"
重庆高老九火锅(中庚城店),http://www.dianping.com/shop/113895968,准五星商户,464,134,8.9,9,8.7,"美蛙系列鸳鸯骨汤锅（4只牛蛙）,冰镇脆毛肚,冰镇鹅肠"
如一鸡鲍鱼(合生汇店),http://www.dianping.com/shop/126234004,五星商户,132,139,9.1,8.8,8.8,"鸡鲍鱼,十里香腊煲仔饭,八头鲍"
左庭右院鲜牛肉火锅(星游城店),http://www.dianping.com/shop/111972911,五星商户,846,128,9.1,9.1,9.1,"吊龙,鲜牛肉,牛骨原汤锅"
茸梅路右拐·涮肉,http://www.dianping.com/shop/57248525,准五星商户,457,103,8.8,8.3,8.9,"啤酒大虾,香辣小龙虾,砂锅野鸭"
肥叔打边炉·碳火鲜食,http://www.dianping.com/shop/112277424,准五星商户,1013,120,9,8.2,8.6,"金牌浓原鸡煲花胶锅底,招牌肥叔胡椒猪骨,热气羊肉"
一炉小凤鲜炭炉火锅(长寿路店),http://www.dianping.com/shop/98194712,准五星商户,934,169,8.9,8.3,8.5,"大连十头鲍鱼,88元招牌小凤鲜锅底,榴莲花胶鸡锅底"
藻想鱼见你?斑鱼火锅(百联又一城店),http://www.dianping.com/shop/96646437,准五星商户,1846,121,8.8,8.9,9,"长江斑鱼片,螺旋藻虾滑,虾胶老油条"
港氽港式海鲜火锅,http://www.dianping.com/shop/122008978,五星商户,16,321,9.2,9.2,9.1,"m5雪花牛肉,尚品花胶鸡,帝王蟹"
哥老官重庆美蛙鱼头(定西路店),http://www.dianping.com/shop/22142004,准五星商户,10402,141,9,8.1,8.6,"特色美蛙,招牌空运毛肚,炸豆皮"
好酒好菜吃鸡公司,http://www.dianping.com/shop/113935013,准五星商户,377,229,8.4,9,8.9,"无敌鲍鱼花胶鸡煲,鲍汁凤爪,椒盐牛蛙"
香港柒胜海鲜火锅酒家(联洋店),http://www.dianping.com/shop/102207129,准五星商户,455,391,9.1,9,8.5,"足火黄油鸡煲花胶翅汤锅,雪花肥牛,海鮮拼盆（大）"
捞王锅物料理(浦东昌里店),http://www.dianping.com/shop/18021863,五星商户,1653,141,9.1,8.6,9,"胡椒猪肚鸡,爆浆手打虾丸,皇上皇腊味煲仔饭"
渝江记忆老重庆火锅(徐家汇店),http://www.dianping.com/shop/124949437,五星商户,153,122,9.1,9.1,9,"现切牛肉,脆毛肚,酥肉"
大渝火锅(仲盛商城店),http://www.dianping.com/shop/90455659,五星商户,3347,138,9,9,9.1,"脆嫩毛肚,冰脆牛黄喉,九尺鹅肠"
重庆高老九火锅(北洋泾旭辉广场店),http://www.dianping.com/shop/113179447,五星商户,495,140,9,9.1,9,"美蛙（熟）,冰镇脆毛肚,嫩牛肉"
凯达石斑鱼打边炉(龙湖虹桥天街店),http://www.dianping.com/shop/92437543,五星商户,1540,148,9,8.6,9.2,"海南文昌鸡,石斑鱼丸,石斑鱼下巴"
左庭右院鲜牛肉火锅(虹桥龙湖天街店),http://www.dianping.com/shop/69739191,准五星商户,1271,129,9,8.9,8.8,"吊龙,鲜牛肉丸,嫩肉"
香港半岛湾海鲜火锅酒楼,http://www.dianping.com/shop/107711504,五星商户,192,306,9.2,9.1,9.2,"花胶鸡,精品雪花牛肉,鲮鱼丸拼黑松露云吞"
湊湊火锅·茶憩(长风大悦城店?),http://www.dianping.com/shop/98955075,准五星商户,1365,156,8.7,9.1,9,"冰大紅袍奶茶,励志锅—鸭血豆腐,飞鱼籽墨鱼滑"
泓泰河豚料理海鲜火锅,http://www.dianping.com/shop/124631191,五星商户,63,543,9,8.8,8.9,"蝉翼河豚鱼刺身,酥香河豚鱼,河豚鱼小笼"
九鼎轩脆毛肚火锅(龙州路店),http://www.dianping.com/shop/126174774,五星商户,240,100,9.2,9.1,9.2,"脆毛肚,美蛙,特色相间牛肉"
捞王锅物料理(莘庄仲盛店),http://www.dianping.com/shop/21330720,五星商户,5920,143,9.1,9.1,9.1,"招牌煲仔饭,手打鲜虾芝心丸,炸腐皮"
青花椒砂锅鱼(龙之梦购物中心店),http://www.dianping.com/shop/69722932,五星商户,6703,94,8.9,8.9,9.1,"青花椒味砂锅鱼,口水鸡,香蕉薄饼"
小辉辉涮肉,http://www.dianping.com/shop/122916845,五星商户,630,87,9.2,9.1,9.1,"羊肉,鲜虾肉做的虾滑,牛肉"
錦成巷,http://www.dianping.com/shop/123063751,准五星商户,1281,14,9,8.8,8.9,"招牌嫩口娃,正经鸭血,三文鱼头"
左庭右院鲜牛肉火锅(宝地广场店),http://www.dianping.com/shop/97708872,五星商户,901,126,9.1,9.1,9.1,"吊龙,鲜牛杂鸳鸯锅,匙柄"
捞王锅物料理(中原城市广场店),http://www.dianping.com/shop/22950639,五星商户,8136,141,9.1,9.1,9.2,"太极猪肚鸡,招牌煲仔饭,爆浆手打虾丸"
重庆高老九火锅(龙湖天街店),http://www.dianping.com/shop/97523905,五星商户,955,131,9.1,9.1,9,"牛蛙,冰镇毛肚,冰镇鹅肠"
豆捞坊·胶原花胶火锅(万达广场宝山店),http://www.dianping.com/shop/6007445,五星商户,7950,156,9,9.1,9,"炸腐皮,大虾滑,特色墨鱼滑"
湊湊火锅·茶憩(打浦桥日月光店),http://www.dianping.com/shop/110828814,准五星商户,2077,158,8.6,9,8.6,"鸭血,热大紅袍奶茶,台式麻辣锅"
大签门牛肉火锅串串(定西路店),http://www.dianping.com/shop/107732358,五星商户,1310,120,9,8.7,9,"香菜牛肉,大签门香串串,鸳鸯菌汤锅"
田园山礼海南椰子鸡,http://www.dianping.com/shop/58807246,准五星商户,1757,127,8.9,8.4,9.1,"原味椰子鸡,椰子冻,特色炸腐皮"
哥老官重庆美蛙鱼头(胜辛万达广场店),http://www.dianping.com/shop/110698995,准五星商户,179,137,8.9,8.6,8.6,"特色美蛙,创世纪冰粉,放学小肉"
吾小九金汤芋儿鸡火锅(189广场店),http://www.dianping.com/shop/126639253,五星商户,162,15,9,9,9.1,"牛蛙,小九嫩鸡,芋艿"
壹品锅港式炭火打边炉(凉城店),http://www.dianping.com/shop/124746244,五星商户,372,149,9.1,8.8,9,"港式打边炉,养颜花胶鸡锅,基围虾"
南门涮肉(城隍庙店),http://www.dianping.com/shop/114470010,准五星商户,678,122,8.7,8.1,8.3,"热气羊肉,现切牛羊肉,涮羊肉"
蜀大侠火锅(松江店),http://www.dianping.com/shop/120105247,准五星商户,748,145,9,9,8.9,"霸王牛(羊)肉圈 抖音网红同款,会生气的养乐多,大侠酥肉"
煲宫(三林金谊店),http://www.dianping.com/shop/112291095,五星商户,305,125,8.9,9,9,"胡椒猪肚鸡,贡品虾滑,特色煲仔饭"
湯季锅物料理(光启城店),http://www.dianping.com/shop/102332974,准五星商户,1399,153,8.8,9.1,8.8,"胡椒猪肚鸡,腊味煲仔饭,鲜猴头菇"
凯达石斑鱼打边炉(证大喜马拉雅店),http://www.dianping.com/shop/97483506,五星商户,1381,152,9.1,8.8,9.3,"海南文昌鸡,潮汕牛肉丸,石斑鱼皮"
嗨锅(徐汇日月光店),http://www.dianping.com/shop/112047237,准五星商户,678,15,8.8,8.5,8.6,"烤咸蛋黄牛蛙,招牌沙嗲麻辣双拼锅,嗨锅烤牛蛙系列"
涮福记(世纪汇店),http://www.dianping.com/shop/108327318,准五星商户,597,151,8.6,9.1,8.7,"羊肉串,鲜羊上脑,极品羊腱"
湊湊火锅·茶憩(静安晶品店),http://www.dianping.com/shop/82686693,准五星商户,5250,159,8.3,8.7,8.4,"大红袍珍珠奶茶,鸭血,台式麻辣锅"
左庭右院鲜牛肉火锅(周浦万达店),http://www.dianping.com/shop/66323638,五星商户,1838,129,9,8.9,8.8,"吊龙,炸腐皮,嫩肉"
左庭右院鲜牛肉火锅(五角场特力屋店),http://www.dianping.com/shop/24064370,五星商户,6176,132,9.1,9,9,"吊龙,鲜牛肉丸,炸腐皮"
23度不太冷椰子鸡火锅,http://www.dianping.com/shop/110517878,准五星商户,1530,129,8.3,9.1,8.8,"竹笙椰子鸡,原味椰子鸡锅,原味椰子冻"
上上谦串串香火锅(龙之梦长宁店),http://www.dianping.com/shop/22392103,准五星商户,23102,126,8.7,8.5,8.7,"秘制牛肉签,串串虾,自制芝士虾滑"
重庆高老九火锅(爱琴海购物公园店),http://www.dianping.com/shop/97523492,五星商户,1084,138,9,9,9.1,"牛蛙,冰镇毛肚,冰镇黄喉"
季悦火锅(香港广场店),http://www.dianping.com/shop/6127165,五星商户,3871,859,9.2,9.2,9.2,"牛眼肉,帝王蟹,法国吉拉多生蚝"
重庆袁老四老火锅,http://www.dianping.com/shop/123136750,准五星商户,557,19,8.8,9.1,8.4,"香脆外婆酥肉,肥牛,红糖糍粑"
焱泉重庆火锅,http://www.dianping.com/shop/125119039,五星商户,167,121,9.1,9.1,9.1,"现杀牛蛙,焱泉草原脆毛肚,九尺鲜鹅肠"
麻十七重庆老麻火锅(三林印象城店),http://www.dianping.com/shop/113899476,五星商户,379,128,9.1,8.8,9.2,"竹荪爱虾滑,藤椒蛙,巴掌毛肚"
重庆高老九火锅(松江万达广场店),http://www.dianping.com/shop/83590341,五星商户,1398,133,9.1,9.1,9.1,"牛蛙,冰镇毛肚,虾滑"
京炉·北京烤鸭火锅(日月光店),http://www.dianping.com/shop/96204526,准五星商户,1806,128,8.9,8.7,8.7,"烤鸭,黑胡椒猪肚鸭架锅,玉米馍"
煲宫(七宝万科广场店),http://www.dianping.com/shop/69772574,准五星商户,2148,127,8.9,8.8,9,"煲宫君王猪肚鸡,贡品虾滑,煲宫养生猪肚鸡"
重庆高老九火锅(打浦桥店),http://www.dianping.com/shop/20843382,五星商户,7843,132,9,8.8,9,"冰镇鹅肠,冰镇毛肚,牛蛙"
777排档火锅·鸿馆,http://www.dianping.com/shop/112295600,准五星商户,836,283,8.8,8.2,7.9,"招牌花胶鸡,特色雪花牛肉,椒盐玉米"
捞王锅物料理(米岛店),http://www.dianping.com/shop/24096079,五星商户,4601,144,9.1,9,8.9,"招牌煲仔饭,爆浆芝士虾滑,玫瑰雪花牛舌"
哈尼石锅鱼(长宁来福士店),http://www.dianping.com/shop/110254770,准五星商户,673,147,8.7,9,8.7,"长江团鱼,鲜鱼汤,云南菌菇锅"
重庆高老九火锅(金杨第一商城店),http://www.dianping.com/shop/66860253,五星商户,215,133,9,9,9.1,"牛蛙,冰镇毛肚,经典鹅肠"
名将法式铁板烧,http://www.dianping.com/shop/110367045,五星商户,19,793,9.3,9.4,9.2,"澳洲M9和牛,铁板烧,芝士小青龙"
协乐海鲜火锅,http://www.dianping.com/shop/124162402,准五星商户,55,500,8.8,9.1,9,"松茸花胶鸡汤锅,特选去骨散鸡,特选牛肉"
重庆高老九火锅(新大陆店),http://www.dianping.com/shop/96537512,五星商户,109,138,8.9,8.7,8.8,"牛蛙,冰镇脆毛肚,虾滑"
韩式年糕火锅,http://www.dianping.com/shop/98039469,五星商户,14,64,9,9.1,9.1,"芝士年糕火锅,鱼饼串,炸物"
介家有料串串香(巴黎春天天山店),http://www.dianping.com/shop/22800138,五星商户,4375,81,8.9,9,9.1,"串串,老妈蹄花,冒脑花"
今日牛事潮汕鲜牛肉火锅(瑞金店),http://www.dianping.com/shop/58135982,准五星商户,3442,132,9,9,8.6,"吊龙,炸腐皮,生牛肉丸"
串江湖鲜货串串香火锅(东昌路店),http://www.dianping.com/shop/114520385,准五星商户,884,101,8.8,8.7,8.7,"鸳鸯锅,小郡肝,红糖糍粑"
左庭右院鲜牛肉火锅(嘉定万达店),http://www.dianping.com/shop/112252349,准五星商户,499,128,9,8.9,8.6,"吊龙,鲜牛肉,香炸腐皮"
重庆高老九火锅(宝山宝乐汇店),http://www.dianping.com/shop/96380270,五星商户,1282,134,9,9,9.1,"牛蛙,冰镇毛肚,冰镇鹅肠"
左庭右院鲜牛肉火锅(百联嘉定店),http://www.dianping.com/shop/69105306,五星商户,1067,135,9.1,9.1,9.2,"吊龙,炸腐皮,嫩肉"
湊湊火锅·茶憩(来福士广场长宁店),http://www.dianping.com/shop/90091724,准五星商户,6618,162,8.5,9,8.5,"大红袍珍珠奶茶,台式麻辣锅,鸭血"
蛙来哒炭烧牛蛙(打浦桥日月光店),http://www.dianping.com/shop/103646458,准五星商户,710,96,8.9,8.9,8.9,"紫苏味平锅,炭烤牛蛙,炭烧牛蛙泡锅香辣味"
囍凤楼(长寿路店),http://www.dianping.com/shop/122101100,准五星商户,151,330,8.4,9,8.4,"花胶鸡,鲍汁鸭脚扎,卤水拼盘"
這一小锅(日月光店),http://www.dianping.com/shop/125284190,准五星商户,63,130,8.7,9.1,9.2,"雪花牛,综合海鲜拼盘,肉类拼盘"
捞王锅物料理(开元地中海店),http://www.dianping.com/shop/98081370,五星商户,401,144,9.1,9.1,9.2,"猪肚鸡锅,煲仔饭,爆浆手打虾丸"
如一鸡鲍鱼(长泰广场店),http://www.dianping.com/shop/124217868,准五星商户,223,132,8.9,8.5,9,"鸡鲍鱼,煲仔饭,十里香腊味煲仔饭（半锅）"
月光下的毡房 牛羊滋补火锅(中谊路店),http://www.dianping.com/shop/76933145,五星商户,929,137,9,9.1,9.2,"羊肉串,手切草原羊肉,酸奶"
麻十七重庆老麻火锅(金桥店),http://www.dianping.com/shop/92726613,五星商户,738,141,9,8.9,9.1,"竹荪爱虾滑,极品巴掌毛肚,番茄牛腩锅"
牧羊庄烤全羊神农牧羊(嘉定店),http://www.dianping.com/shop/69715472,五星商户,253,215,9.1,8.4,8.9,"烤全羊,羊杂汤,羊血"
那年那班串串香火锅(金桥店),http://www.dianping.com/shop/127099042,准五星商户,612,88,8.3,8.5,8.3,"小郡肝串串,牛油锅底,水漂牛肉"
狠牛火锅料理(万达广场总店),http://www.dianping.com/shop/58459481,准五星商户,6199,12,9,8.6,8.8,"吊龙,牛肉,狠牛番茄牛腩锅"
嗨锅(梅川路总店),http://www.dianping.com/shop/18204916,准五星商户,16442,124,8.9,8.4,8.6,"招牌沙嗲麻辣双拼锅,麻辣烤牛蛙,雪花肥牛"
花马天堂古道火锅,http://www.dianping.com/shop/124214964,五星商户,55,310,9,9,9,"鸳鸯锅底,精选牛肉拼盘,虾滑"
九鼎轩脆毛肚火锅(五角场店),http://www.dianping.com/shop/97868431,准五星商户,965,108,8.9,8.7,9,"脆毛肚,鸭血,鲜黄喉"
今日牛事潮汕鲜牛肉火锅(徐汇总店),http://www.dianping.com/shop/22465085,准五星商户,8225,124,9,8.6,8.6,"吊龙,生牛肉丸,招牌锅底"
嗨锅(悠方广场店),http://www.dianping.com/shop/96343001,准五星商户,1323,122,9,8.7,8.6,"咸蛋黄牛娃,招牌沙嗲麻辣双拼锅,日式照烧牛蛙"
豆捞坊·胶原花胶火锅(汇金百货店),http://www.dianping.com/shop/65664477,五星商户,2375,144,9,8.9,8.9,"豆捞大虾仁滑,炸腐皮,相间肥牛"
捞王锅物料理(瑞虹天地月亮湾店),http://www.dianping.com/shop/74552434,五星商户,2359,145,9.1,9,8.9,"胡椒猪肚锅(不加鸡肉),招牌煲仔饭,手打鲜虾芝心丸"
CHAO桥锅,http://www.dianping.com/shop/95889470,五星商户,953,666,9,9.1,9.2,"香格里拉松茸花胶鸡汤,A5和牛,香格里拉松?鍋底"
捞王锅物料理(吴中路店),http://www.dianping.com/shop/15950087,五星商户,4568,137,9.1,9.1,9.1,"皇上皇腊味煲,爆浆手打虾丸,手工鲜虾滑"
潮界(IMAGO我格广场店),http://www.dianping.com/shop/58634210,五星商户,1649,85,8.9,8.5,9.1,"手打牛肉丸,吊龙,普宁豆腐"
捞王锅物料理(联洋广场店),http://www.dianping.com/shop/23496856,五星商户,4891,159,9.1,9,9,"皇上皇腊味煲仔饭,爆浆手打虾丸,胡椒猪肚锅"
海鲨湾(顺恒国际商业广场店),http://www.dianping.com/shop/67262562,五星商户,982,239,9.1,9,9,"国宴油条,雪花牛肉,鲍鱼图腾"
左庭右院鲜牛肉火锅(宝山龙湖天街店),http://www.dianping.com/shop/77449207,五星商户,698,134,9.1,9.1,9.1,"吊龙,炸腐皮,鲜牛杂鸳鸯锅"
月光下的毡房 牛羊滋补火锅(龙茗路店),http://www.dianping.com/shop/69703281,五星商户,1427,140,9,9,9.1,"烤羊肉串,手切草原羊肉,奶茶"
亦锅亦笼塔吉锅料理,http://www.dianping.com/shop/91628215,准五星商户,3030,71,8.5,8.8,8.5,"番茄芝士龙利鱼塔吉锅,薄荷绿茶,南极海茸"
京炉·北京烤鸭火锅(古美店),http://www.dianping.com/shop/92700001,五星商户,2496,10,9,8.6,8.7,"烤鸭,胡椒猪肚鸭骨汤,冰粉"
青花椒砂锅鱼(打浦桥日月光店),http://www.dianping.com/shop/74156847,准五星商户,5065,95,8.9,9,9,"青花椒味一代,香蕉薄饼,口水鸡"
仙后粤菜·港式火锅,http://www.dianping.com/shop/110582656,五星商户,330,281,9,9.1,8.9,"仙后花胶鸡煲翅锅,仙后珍品雪花牛肉,清蒸牛肉丸"
渝利火锅(打浦日月光店),http://www.dianping.com/shop/104613444,准五星商户,937,135,9,9,9.1,"空运鲜毛肚,渝利秘制午餐肉,渝利肥牛卷"
湊湊火锅·茶憩(港汇恒隆店),http://www.dianping.com/shop/114791765,准五星商户,1366,151,8.5,8.8,8.6,"大红袍珍珠奶茶,花胶鸡老四川鸳鸯锅,海鲜棒棒糖"
傣妹火锅(淮海路店),http://www.dianping.com/shop/124461341,五星商户,198,73,9,9.1,9.2,"经典肥牛,基围虾海鲜拼盘,竹笋虾滑"
左庭右院鲜牛肉火锅(南丰城店),http://www.dianping.com/shop/32577028,准五星商户,4459,135,9,9,8.8,"吊龙,嫩肉,牛舌"
虾搞搞·港式火锅餐厅(小木桥路店),http://www.dianping.com/shop/110709379,准五星商户,554,161,8.9,8.2,9,"足火黄油鸡煲花胶翅汤锅,精选肥牛,玉米"
红魔重庆美蛙火锅(嘉亭荟城市生活广场店),http://www.dianping.com/shop/113191344,五星商户,232,105,9,8.8,9,"红魔招牌辣蛙,自制芝士虾滑,阳光小鲜牛（嫩牛肉）"
左庭右院鲜牛肉火锅(新梅广场店),http://www.dianping.com/shop/50772457,五星商户,3799,130,9,9,9,"吊龙,招牌牛骨清汤锅,香炸腐皮"
煲宫(人广新世界店),http://www.dianping.com/shop/5530450,准五星商户,1934,121,8.8,8.5,8.7,"胡椒猪肚鸡,特色煲仔饭,湖南炸豆皮"
花禾牛,http://www.dianping.com/shop/98074543,五星商户,184,582,9.3,9.4,9.4,"澳洲禾牛,清酒昆布汤底,活虾"
红料理|串串有瘾(大华店),http://www.dianping.com/shop/122861523,准五星商户,146,90,9,8.6,8.6,"老妈蹄花,烫好吃的串串,牛蛙"
左庭右院鲜牛肉火锅(南方商城店),http://www.dianping.com/shop/37019723,五星商户,3437,134,9,9,9,"吊龙,嫩肉,招牌牛骨清汤锅"
捞王锅物料理(平利路店),http://www.dianping.com/shop/3510544,五星商户,9061,124,9,8.8,9,"胡椒猪肚鸡,皇上皇腊肉煲仔饭,雪花牛肉"
上街围炉港式点心海鲜火锅,http://www.dianping.com/shop/121480335,准五星商户,358,167,8.6,8.6,8.1,"围炉招牌浓汤花胶鸡,鲜奶布丁,海鲜"
九鼎轩 脆毛肚火锅(淮海中路店),http://www.dianping.com/shop/69615389,准五星商户,3721,13,8.9,8.7,8.7,"脆毛肚,招牌鸭血,冰水鹅肠"
今日牛事潮汕鲜牛肉火锅(虹井路店),http://www.dianping.com/shop/65948220,五星商户,2015,126,9.1,9.1,9,"吊龙,生牛肉丸,炸腐皮"
左庭右院鲜牛肉火锅(爱琴海公园店),http://www.dianping.com/shop/93032993,五星商户,799,132,9,9,9.1,"吊龙,鲜牛杂鸳鸯锅,炸腐皮"
山枝鲜·生态火锅(虹桥天地店),http://www.dianping.com/shop/92117792,五星商户,787,12,8.9,9.1,9.1,"汽锅鸡,特色自选蘸酱30种,艾叶粑粑"
香港柒胜海鲜火锅酒家(虹桥万豪店),http://www.dianping.com/shop/107757650,五星商户,289,434,9.1,9.2,9.1,"足火黃油雞煲花膠翅湯鍋,精选雪花牛肉,海鮮拼盆（大）"
三人行骨头王火锅(嘉定店),http://www.dianping.com/shop/57824764,五星商户,86,105,9,9,9.1,"骨头王火锅,三人行钵钵鸡,雪花霜降肥牛"
湊湊火锅?茶憩(巴黎春天店),http://www.dianping.com/shop/122840036,准五星商户,629,148,8.7,9,8.8,"大红袍珍珠奶茶,花胶鸭血鸳鸯锅,豆腐"
左庭右院鲜牛肉火锅(百联中环店),http://www.dianping.com/shop/69490134,五星商户,1424,133,9,9,8.8,"吊龙,香炸腐皮,嫩肉"
年糕李(静安店),http://www.dianping.com/shop/13854213,准五星商户,2002,63,8.4,8,8.8,"部队火锅,甜辣无骨炸鸡,芝士年糕"
鱻 Xian,http://www.dianping.com/shop/63061961,准五星商户,1901,144,8.8,8.5,8.7,"鹅肝寿司,焦糖三文鱼寿司,寿喜锅"
雞棧(玫瑰坊店),http://www.dianping.com/shop/74560162,准五星商户,1373,98,8.8,8.6,9.1,"海南鸡饭,招牌清汤牛腩,鹅肝酱杏鲍菇"
今日牛事潮汕鲜牛肉火锅(五角场店),http://www.dianping.com/shop/32512961,五星商户,3281,123,9,8.9,9,"吊龙,招牌牛肉锅汤底,手打牛肉丸"
九鼎轩脆毛肚火锅(长寿路店),http://www.dianping.com/shop/96360366,五星商户,959,12,9.1,8.8,8.9,"脆毛肚,鸭血,手工鲜虾滑"
谭鸭血老火锅(世纪汇店),http://www.dianping.com/shop/111829980,准五星商户,2935,139,8.5,8.2,8.3,"经典谭鸭血红锅,谭公鸭血,卤水肥肠"
齐民市集(芮欧百货店),http://www.dianping.com/shop/22070340,准五星商户,5429,185,8.5,8.6,8.7,"特级海鲜拼盘（8种）,手剪香菇,有机蔬菜拼盘"
酒玥火锅,http://www.dianping.com/shop/101969563,五星商户,295,414,9.1,9.2,9.3,"松茸浓鸡汤锅,酒火入锅,午餐肉"
甘草潮菜馆(海宁路店),http://www.dianping.com/shop/21121315,准五星商户,3037,431,9,7.2,7.5,"帝王蟹,象拔蚌刺身,竹蛏王"
常赢三兄弟涮肉(崂山路店),http://www.dianping.com/shop/108098148,准五星商户,768,127,8.8,8.7,8.7,"极品羊腱子,羊肉串,自制虾滑"
Mo-Mo牧场(陕南牧场),http://www.dianping.com/shop/4550707,准五星商户,13186,159,8.2,8.4,8.8,"寿喜锅,严选霜降牛肩肉,严选上等牛五花肉"
熬八年台湾火锅(大悦城店),http://www.dianping.com/shop/121521793,准五星商户,450,149,8.7,9,8.7,"台湾福袋,麻辣锅,手工虾滑"
那都不是锅港式打边炉(世纪大道店),http://www.dianping.com/shop/127963399,准五星商户,152,137,8.8,8,8.1,"鲍鱼,竹蛏王,养颜金米浓汤锅"
左庭右院鲜牛肉火锅(江桥万达店),http://www.dianping.com/shop/125178021,准五星商户,58,126,9,9.1,8.7,"鲜牛肉,吊龙,匙柄"
辛元鲜牛肉火锅,http://www.dianping.com/shop/18280273,准五星商户,5413,126,9,8.8,8.8,"吊龙,牛筋丸,嫩肉"
豆捞坊·胶原花胶火锅(宝乐汇店),http://www.dianping.com/shop/20895407,五星商户,1995,149,9.1,9.1,9.1,"养生菌王锅,炸腐皮,手工牛肉丸"
墨邸养生火锅,http://www.dianping.com/shop/120003436,五星商户,179,124,9.2,9.2,9.1,"乌鸡卷,澳洲特选牛肉,招牌养生锅"
呷哺呷哺(白玉兰广场店),http://www.dianping.com/shop/123243037,五星商户,132,1,9.1,9.3,9.2,"眷村元气牛尾锅,虾滑COMBO,总汇牛肉拼盘"
红料理|串串有瘾(万航渡路店),http://www.dianping.com/shop/2492695,准五星商户,6227,85,8.6,7.9,8,"老妈蹄花,峨眉派烤串,麻辣烫"
山屿海港式海鲜火锅,http://www.dianping.com/shop/99829399,五星商户,67,373,9.1,9.1,9.1,"老菜脯虾滑,大连鲜鲍,潮州冻红蟹"
九鼎轩脆毛肚火锅(三钢里店),http://www.dianping.com/shop/90344440,准五星商户,2275,15,8.8,8.6,8.9,"脆毛肚,鹅肠,鲜黄喉"
嗨锅(宝山万达店),http://www.dianping.com/shop/27431729,准五星商户,10604,127,8.7,8.3,8.5,"招牌沙嗲麻辣双拼锅,嗨锅烤牛蛙系列,爆浆芝士手工虾丸"
左庭右院鲜牛肉火锅(颛桥万达店),http://www.dianping.com/shop/97080902,五星商户,883,128,9,9,9,"吊龙,鲜牛杂鸳鸯锅,鲜牛肉"
渝利火锅(大宁国际店),http://www.dianping.com/shop/92662877,准五星商户,1497,142,8.9,8.7,9,"毛肚,渝利蟹肉棒,渝利鸳鸯锅"
那都不是锅港式打边炉(呼玛店),http://www.dianping.com/shop/124557764,准五星商户,296,127,8.5,8.3,8.6,"鲍鱼,养颜金米浓汤锅,养颜花胶鸡汤"
九鼎轩脆毛肚火锅(虹梅路店),http://www.dianping.com/shop/92323070,准五星商户,1315,10,9,8.7,8.8,"脆毛肚,火锅鸭血,牛蛙"
珍焰港式私房火锅,http://www.dianping.com/shop/93995821,五星商户,489,395,9.2,9.1,9.3,"金牌参翅花胶鸡汤,珍品特选雪花牛肉,原味奶冻or杨枝甘露"
坎爷秘制火锅(淮海东路店),http://www.dianping.com/shop/92896173,准五星商户,3323,144,8.7,8.7,8.5,"坎爷秘制毛肚,鲜虾只做滑,雪花牛肉"
宝燕海货工场·蒸汽海鲜加工(大宁店),http://www.dianping.com/shop/76837984,准五星商户,1743,278,8.9,8.6,8.2,"椒盐濑尿虾,竹蛏王,蒜泥粉丝蒸小鲍鱼"
耍串·川味小食研究所(白玉兰广场店),http://www.dianping.com/shop/123613728,五星商户,109,83,9,9,8.8,"小酥肉,冒鸭血,红糖糍粑"
找到牛日式放题火锅,http://www.dianping.com/shop/124752339,准五星商户,121,174,8.7,9.1,8.9,"寿喜锅,安格斯谷饲后胸,青椒辣"
蜀中状元府火锅,http://www.dianping.com/shop/112232478,五星商户,130,13,9,9.1,8.8,"牛蛙,特色黑毛猪,鲜活豌豆苗"
蜀火火锅(江文路店),http://www.dianping.com/shop/113124798,五星商户,437,97,9.2,9.2,9.1,"鸭血,毛肚,蜀火牛肉上上签"
魔都川西坝子火锅餐厅(八佰伴店),http://www.dianping.com/shop/122147371,五星商户,335,13,8.9,9.1,9.1,"川西嫩牛肉,空运鲜鸭血,空运鲜毛肚"
捞王锅物料理(维璟广场店),http://www.dianping.com/shop/92102303,五星商户,1005,144,9.1,9.1,9.1,"胡椒猪肚鸡,煲仔饭,爆浆手打虾丸"
十六道牛味潮汕牛肉火锅(七宝店),http://www.dianping.com/shop/59387788,准五星商户,3271,120,8.8,8.7,8.8,"吊龙,生牛肉丸,嫩肉"
佐冷馋·串串里(成都南路直营店),http://www.dianping.com/shop/124958474,准五星商户,305,102,8.8,8.4,8.5,"番茄木瓜鸳鸯锅,酥肉,串串"
哈尼石锅鱼(南方商城店),http://www.dianping.com/shop/126615480,五星商户,66,132,9.1,9.1,8.9,"鲜鱼汤,虾滑老油条,哈尼捞拌肥牛"
焱揽香,http://www.dianping.com/shop/122325482,五星商户,98,141,9.1,9.2,9.2,"尚品鱼头皇,蝴蝶斑鱼片,鸳鸯鲜鱼泡"
炉火传奇鲜菌牛腩火锅(松江万达店),http://www.dianping.com/shop/90962398,五星商户,893,121,9.2,9.2,9.1,"鲜菌牛腩拼盘,手打鲜虾滑,炉火特色菌汤酸爽开胃番茄鸳鸯锅"
凯达石斑鱼打边炉(打浦路缤纷城店),http://www.dianping.com/shop/57052125,五星商户,2242,149,9.1,8.7,9.2,"海南文昌鸡,石斑鱼皮,石斑鱼丸"
京锅屋 たか木,http://www.dianping.com/shop/97675467,五星商户,325,721,9,9.3,9.1,"八寸前菜,海胆泡饭,怀石京锅"
大龙燚火锅(五角场万达店),http://www.dianping.com/shop/122416148,准五星商户,415,146,8.8,8.8,8.3,"鸳鸯锅,火锅牛排,空运大刀毛肚"
哈尼石锅鱼(金虹桥国际中心店),http://www.dianping.com/shop/57591897,准五星商户,4051,138,8.9,9,9,"江团,石屏豆腐皮,鲜竹荪"
泽成羊(亿丰时代广场店),http://www.dianping.com/shop/121475437,准五星商户,103,104,8.8,9.1,9,"冰煮羊火锅,羊肉串,烤红薯"
君来顺老北京四季火锅涮肉(程家桥路店),http://www.dianping.com/shop/114561481,准五星商户,277,16,9,8.9,8.5,"精品羊腱子,极品羊上脑,老北京羊蝎子"
楽牛·精品牛排火锅(新天地店),http://www.dianping.com/shop/123147033,五星商户,62,156,9,8.7,8.6,"楽牛招牌牛排骨,8秒黄鱼响铃,特色必点午餐肉"
三太子涮肉,http://www.dianping.com/shop/83549331,准五星商户,1065,159,8.9,8.6,8.5,"十三香龙虾,黄焖龙虾,鲜切羊肉"
哥老官重庆美蛙鱼头(昌里路十哥店),http://www.dianping.com/shop/90279829,准五星商户,6197,136,8.8,8,8.3,"特色美蛙,招牌空运毛肚,罗宋汤"
Yasmine’s 茉莉火锅(襄阳店),http://www.dianping.com/shop/126367378,准五星商户,47,167,9,9.1,9,"澳洲和牛上脑BeefChuck,空运毛肚,澳洲和牛"
青花椒砂锅鱼(凯德七宝购物广场店),http://www.dianping.com/shop/24309683,五星商户,8204,96,9.1,9.1,9.1,"青花椒味砂锅鱼,香蕉飞饼,口水鸡"
爽爆美蛙鱼头火锅(绿地缤纷城店),http://www.dianping.com/shop/83061961,准五星商户,1668,133,9,8.5,8.7,"牛蛙,鸳鸯锅,九尺鹅肠"
左庭右院鲜牛肉火锅(开元地中海店),http://www.dianping.com/shop/90473497,五星商户,840,136,9.1,9.1,8.9,"吊龙,炸腐皮,鲜牛杂鸳鸯锅"
熬八年台湾火锅(南京西路店),http://www.dianping.com/shop/93254634,准五星商户,2155,157,8.5,8.6,8.4,"鸭血豆腐,台湾福袋,麻辣锅"
泰灵艳泰式火锅料理,http://www.dianping.com/shop/97814057,五星商户,1781,135,9,8.9,9,"泰式鸳鸯（冬荫功龙虾+椰奶鸡）,鱼籽福袋,椰香奶冻"
红辣椒(月浦店),http://www.dianping.com/shop/505235,五星商户,3800,107,9,8.8,9.2,"红油麻辣火锅,干锅牛蛙,川西泼辣鱼"
椰子不语(凯德晶萃店),http://www.dianping.com/shop/114447059,准五星商户,517,168,8.6,9,9,"原味椰子鸡锅底,椰子饭,椰子冻"
哥老官重庆美蛙鱼头(奉贤宝龙二十一哥店),http://www.dianping.com/shop/98507357,准五星商户,809,123,8.8,8.8,8.6,"特色美蛙,空运毛肚,炸豆皮"
怀捞主题牛鲜料理火锅,http://www.dianping.com/shop/102205930,五星商户,623,13,9.1,9.3,9,"吊龙,牛杂鸳鸯锅,牛肉丸"
煲宫(中庚漫游城店),http://www.dianping.com/shop/112295058,准五星商户,206,121,8.8,8.7,8.7,"煲宫养生猪肚鸡,特色煲仔饭,牛肉三重奏"
青花椒砂锅鱼(三钢里店),http://www.dianping.com/shop/21730061,五星商户,16480,93,9,8.7,9,"招牌青花椒味中辣中麻,香蕉飞饼,口水鸡"
重庆高老九火锅(徐泾店),http://www.dianping.com/shop/93683934,五星商户,931,129,9,8.7,9,"牛蛙,冰镇毛肚,黄喉"
活虾堂老北京羊蝎子涮肉(江桥万达店),http://www.dianping.com/shop/120084937,五星商户,152,104,9,8.2,8.7,"特色羊蝎子锅,热气涮羊肉,美蛙爱上羊蝎子"
蜀大侠火锅(天山店),http://www.dianping.com/shop/92739343,准五星商户,4276,144,8.5,8.6,8.5,"红糖糍粑,鸳鸯锅底,鸭血"
极极骨头煲火锅,http://www.dianping.com/shop/102507579,五星商户,303,77,9.1,9.1,9.2,"美极骨头煲,陈年老雕熟醉小龙虾,冰激凌烤布蕾"
京炉·北京烤鸭火锅(第一百货店),http://www.dianping.com/shop/97080249,准五星商户,1527,131,8.6,8.3,8.5,"烤鸭,胡椒猪肚鸭骨汤,火锅"
青花椒砂锅鱼(南丰城店),http://www.dianping.com/shop/90969607,准五星商户,2229,92,9,9,9,"青花椒口味一代,印度飞饼,口水鸡"
谭鸭血老火锅(环球港店),http://www.dianping.com/shop/110313559,四星商户,2099,146,8.3,8.4,8.1,"谭公鸭血,谭公四宝,经典谭公红锅"
嗨锅(浦东新大陆广场店),http://www.dianping.com/shop/67351281,准五星商户,6451,129,8.8,8.5,8.5,"招牌沙嗲麻辣双拼锅,嗨锅烤牛蛙系列,爆浆芝士手工虾丸"
左庭右院鲜牛肉火锅(百联南桥店),http://www.dianping.com/shop/97081812,五星商户,515,130,9,9.1,8.8,"吊龙,蟹籽鲜虾滑,香炸腐皮"
嗨锅(淮海中路店),http://www.dianping.com/shop/91614680,准五星商户,3385,125,8.8,8.2,8.3,"咸蛋黄烤牛蛙,招牌沙嗲麻辣双拼锅,嗨锅烤牛蛙系列"
洪太极热气羊肉羊蝎子火锅(普陀店),http://www.dianping.com/shop/21044246,准五星商户,5498,138,8.9,8,8.7,"馕坑烤羊蝎子,红柳枝烤羊肉串,麻辣鲜香羊蝎子火锅"
豆捞坊·胶原花胶火锅(金桥店),http://www.dianping.com/shop/3521644,准五星商户,10312,136,8.6,8.7,8.4,"大虾滑,特色墨鱼滑,炸腐皮"
蜀城巷子老成都火锅(控江店),http://www.dianping.com/shop/65717963,准五星商户,3763,125,8.8,8.7,8.5,"蜀城嫩鲜牛肉,美蛙原味锅,红糖糍粑"
云情鱼意云南蒸汽石锅鱼(文峰广场店),http://www.dianping.com/shop/98537313,准五星商户,588,93,9,8.8,9.1,"鮰鱼,鲜花饼,鱼汤"
煲宫(打浦桥店),http://www.dianping.com/shop/21353468,五星商户,3744,122,9,8.8,9,"特色煲仔饭,牛肉三重奏,虾滑"
红料理|串串有瘾(天山店),http://www.dianping.com/shop/66203812,准五星商户,2245,89,9,8.8,8.6,"老妈蹄花,烤物,冒脑花"
左庭右院鲜牛肉火锅(百联西郊店),http://www.dianping.com/shop/91618320,准五星商户,133,132,9,9,8.6,"吊龙,香炸腐皮,鲜牛肉丸"
马路边边串串香火锅(昌平路店),http://www.dianping.com/shop/112225366,准五星商户,342,109,8.5,8.5,8.5,"串串,马路边边经典锅底,路边嫩牛肉"
觅香·老成都串串香,http://www.dianping.com/shop/123224483,五星商户,101,52,8.7,9,9.1,"冷锅串串,红糖糍粑,冒鸭血"
捞王锅物料理(莘庄龙之梦购物中心店),http://www.dianping.com/shop/24267878,五星商户,5025,132,9.1,9.1,9,"胡椒猪肚鸡,皇上皇腊味煲仔饭,爆浆手打虾丸"
蟹逅港式海鲜火锅,http://www.dianping.com/shop/126156560,五星商户,57,181,9.1,9.1,9.1,"松茸养生锅底,蟹逅刺身组合,加吉鱼姿造"
捞王锅物料理(中冶祥腾城市广场店),http://www.dianping.com/shop/8028049,五星商户,5197,129,9.1,9,9,"爆浆手打虾丸,招牌煲仔饭,马蹄竹蔗水"
蜀二爷·牛排火锅,http://www.dianping.com/shop/95982267,五星商户,1210,13,9,9,9,"四川空运毛肚,成都鸳鸯锅,冰脆牛黄喉"
大渝火锅(合生汇店),http://www.dianping.com/shop/67723155,准五星商户,8856,136,8.7,8.7,8.7,"脆嫩毛肚,冰脆牛黄喉,九尺鹅肠"
凯达石斑鱼打边炉(中环百联店),http://www.dianping.com/shop/97483261,五星商户,850,151,9,8.7,9.2,"海南文昌鸡,石斑鱼皮,潮汕特色腐皮"
煲宫(新邻生活广场店),http://www.dianping.com/shop/21360579,五星商户,3973,126,9,8.8,9,"特制炸豆皮,美国雪花牛肉A,油面筋鲜虾滑"
季悦火锅(虹桥迎宾馆店),http://www.dianping.com/shop/21245919,五星商户,688,1073,9.2,9.3,9.3,"牛眼肉,法国吉拉多生蚝,帝王蟹"
红料理|串串有瘾(淮海西路店),http://www.dianping.com/shop/110448597,五星商户,368,85,9,8.9,9,"老妈蹄花,烤物,红料理冒脑花"
谭鸭血老火锅(虹口足球场店),http://www.dianping.com/shop/114474591,四星商户,1874,146,8.5,7.9,8.1,"谭公鸭血,经典谭鸭血红锅,谭公四宝"
筑间幸福锅物(塞纳左岸店),http://www.dianping.com/shop/96047847,五星商户,942,141,9.1,9.1,9.1,"鲜菇牛奶锅,豚骨锅,龙王海鲜套餐"
二門市·市井火锅,http://www.dianping.com/shop/114870288,准五星商户,1697,19,8.3,8.6,8.4,"鲜鸭血,鸳鸯锅,双椒嫩牛肉"
牛小嫩串串香火锅,http://www.dianping.com/shop/113854273,准五星商户,731,89,8.8,8.7,9,"嫩牛肉,麻辣牛肉,串串"
马路边边串串香火锅,http://www.dianping.com/shop/97292109,准五星商户,1325,102,8.4,8.2,8.5,"嫩牛肉,经典鸳鸯锅,毛肚"
大鹅·鲜鹅火锅(宝山万达店),http://www.dianping.com/shop/96626214,准五星商户,767,105,8.7,8.5,8.7,"竹荪卤水鹅笃鲜锅,香卤狮头鹅粉肝,卤味鹅肠鹅胗双拼"
一心牛寿喜锅&涮涮锅(日月光广场店),http://www.dianping.com/shop/22075955,准五星商户,3385,121,8.4,8.3,8.4,"寿喜锅,极上和牛涮锅自助,炸鸡"
鼎尊锅物料理(斜土路店),http://www.dianping.com/shop/19475700,五星商户,2314,10,9,8.7,9.2,"胡椒猪肚鸡,皇上皇腊味煲仔饭中,爆酱芝士虾丸"
熬八年台湾火锅(大宁国际店),http://www.dianping.com/shop/107714026,准五星商户,851,154,8.5,8.7,8.3,"鸭血豆腐,台湾福袋,霜降雪花牛肉"
新万先(星星堂店),http://www.dianping.com/shop/22137126,五星商户,141,382,9,9.1,8.8,"椒盐大王蛇,乌梢蛇斩断,雪花牛肉"
亿鼎烩猪肚鸡火锅(松江店),http://www.dianping.com/shop/65839096,五星商户,1234,96,9.1,9.1,9.1,"胡椒猪肚鸡,招牌皇上皇腊味煲仔饭,野生竹笙"
蛙来哒炭烧牛蛙(长泰广场店),http://www.dianping.com/shop/108304268,准五星商户,602,95,8.5,8.8,8.7,"紫苏味平锅,炭烤牛蛙,可乐鸡翅"
火鸳鸯YUANYANG,http://www.dianping.com/shop/113121465,准五星商户,18,439,8.5,9.2,9.2,"娃娃鱼,鸭血,臭豆腐"
红魔重庆美蛙火锅(松江万达店),http://www.dianping.com/shop/126171145,准五星商户,207,102,8.7,8.7,9,"红魔招牌辣蛙,自制虾滑,芝士沙沙"
京炉·北京烤鸭火锅(嘉定店),http://www.dianping.com/shop/97118828,五星商户,715,98,9.1,8.9,9,"烤鸭,胡椒猪肚鸭骨锅,蒜泥白肉配面"
炉得香双层烤鸭火锅(嘉定乐购店),http://www.dianping.com/shop/95945604,准五星商户,1623,101,8.6,8.6,8.4,"招牌烤鸭,猪肚鸭架锅,炉得香堂吃片皮鸭"
炉得香双层烤鸭火锅(人民广场店),http://www.dianping.com/shop/107708814,四星商户,1682,15,8.3,8.5,8.1,"炉得香果木烤鸭,猪肚鸭架锅,酸萝卜鸭汤"
渝利火锅(维璟广场店),http://www.dianping.com/shop/91981002,五星商户,1282,133,9,8.9,9,"空运绿色毛肚,渝利蟹肉棒,渝利鸳鸯锅"
锅涨涨港式打边炉(川沙旗舰店),http://www.dianping.com/shop/126639026,准五星商户,202,120,8.6,8.1,8.2,"港式金牌花胶鸡,基围虾,鲍鱼"
心上签·火锅串串专门店,http://www.dianping.com/shop/98172026,五星商户,503,86,9,8.8,8.6,"麻辣串串,冒脑花,手剥小龙虾"
捞王锅物料理(龙茗路店),http://www.dianping.com/shop/5528723,五星商户,7196,123,9.1,9.1,9.1,"胡椒猪肚鸡,煲仔饭,雪花牛肉"
Mo·Mo牧场(长泰广场店),http://www.dianping.com/shop/23405398,四星商户,6664,152,8.4,8.6,8.4,"寿喜锅,严选霜降牛肩肉,焦糖布丁"
湊湊火锅·茶憩(虹口月亮湾店),http://www.dianping.com/shop/98955147,准五星商户,2000,159,8.3,8.8,8.3,"大红袍珍珠奶茶,飞鱼籽墨鱼滑,海鲜棒棒糖"
九牛二炉潮汕鲜牛肉火锅(昌平店),http://www.dianping.com/shop/22397956,准五星商户,4765,128,8.8,8.3,8.4,"吊龙,手打牛丸生丸,嫩肉"
集渔·泰式海鲜火锅(中信泰富新城万达店),http://www.dianping.com/shop/113763949,准五星商户,487,103,8.7,9,8.5,"海鲜拼盘,冬阴功汤底,虾滑"
钱家·乔老爷铜锅涮肉(新大陆广场店),http://www.dianping.com/shop/110514150,准五星商户,376,105,8.7,8.2,8.7,"热气羊肉,秘制蘸料,去骨牛肋条"
四川香天下火锅(五角场店),http://www.dianping.com/shop/17654577,准五星商户,16538,143,8.6,8.6,8.4,"挂面鸭肠,红糖糍粑,冰镇毛肚"
嗨锅(虹桥天地店),http://www.dianping.com/shop/93596976,准五星商户,1578,126,8.7,8.4,8.1,"咸蛋黄牛蛙,沙爹麻辣锅底,照烧牛蛙"
王宝和大酒店,http://www.dianping.com/shop/501252,准五星商户,1504,292,8.4,8.6,8.6,"清蒸大闸蟹,蟹粉小笼,蟹粉豆腐"
辉哥海鲜火锅(洛克外滩源店),http://www.dianping.com/shop/6061978,五星商户,722,962,9.1,9.2,9,"霜降雪花牛肉,象拔蚌,竹节虾"
313羊庄锡盟真羊·烤全羊(永德路店),http://www.dianping.com/shop/110719550,准五星商户,191,105,9.1,8.8,9,"羊肉,鲜羊汤,黑鱼片"
汤爷港式海鲜火锅,http://www.dianping.com/shop/123063719,五星商户,58,304,9.1,8.7,9,"驰名鱼翅花胶土鸡锅,蟹子流沙墨鱼丸,5A和牛"
嗨锅(金山万达店),http://www.dianping.com/shop/110529917,准五星商户,176,123,8.7,8.8,8.8,"嗨锅烤牛蛙系列,招牌沙嗲麻辣双拼锅,咸蛋黄牛蛙"
好骨气火锅(长阳店),http://www.dianping.com/shop/93361578,准五星商户,682,82,9,8.7,8.5,"招牌大骨头,自助饮料,招牌骨头锅"
蜀大侠火锅(人民广场店),http://www.dianping.com/shop/92748939,准五星商户,3319,144,8.6,8.4,8.2,"花千骨,红糖糍粑,贵妃牛肉"
云中鱼云南蒸汽石锅鱼(虹口足球场店),http://www.dianping.com/shop/97874431,五星商户,719,109,9,8.4,9,"江团鱼,鲜花饼,千叶豆腐"
哈尼石锅鱼(永新坊店),http://www.dianping.com/shop/66017314,准五星商户,4037,140,8.7,8.6,8.7,"江团,石锅鱼,鲜竹荪"
黔岭牛庄鲜牛肉火锅(虹井路乐坊店),http://www.dianping.com/shop/110539284,五星商户,226,12,9,8.8,8.9,"毛肚,雪花,吊龙"
煲宫(五角场店),http://www.dianping.com/shop/27431970,准五星商户,3512,12,8.9,8.2,8.8,"胡椒猪肚鸡,特制炸豆皮,爆浆芝士虾丸"
小三宝火锅(淮海店),http://www.dianping.com/shop/24606795,准五星商户,7475,148,8.8,8.7,8.8,"三拼锅底,玫瑰松阪猪肉,有机活体豆苗"
青花椒砂锅鱼(开元地中海店),http://www.dianping.com/shop/90956629,五星商户,981,92,9.1,9.1,9.1,"青花椒砂锅鱼一代,青花椒味砂锅鱼,口水鸡"
正國老火锅(魔都直营店),http://www.dianping.com/shop/97702316,准五星商户,197,146,9,8.3,8.8,"金牌活杀牛蛙,招牌重庆老灶火锅,鲜鸭血"
辣府(云南南路店),http://www.dianping.com/shop/6586622,准五星商户,22958,149,8.6,8.4,8.3,"雪花肥牛,麻辣鲶鱼,辣府古法生抠鲜鸭肠"
麻十七重庆老麻火锅(徐家汇店),http://www.dianping.com/shop/110681484,五星商户,451,131,9.1,9.1,9.1,"竹荪爱虾滑,四味养生锅底,只爱鲜牛蛙"
四川香天下火锅(安亭财富广场店),http://www.dianping.com/shop/27347872,五星商户,3865,130,9.1,9.1,9.1,"空运鲜毛肚,红糖糍粑,空运鲜鸭肠"
熬八年台湾火锅(虹桥天地店),http://www.dianping.com/shop/110446159,准五星商户,618,155,8.6,8.8,8.3,"鸭血豆腐,台湾福袋,鸳鸯锅底"
那都不是锅港式打边炉(浦东巴黎春天店),http://www.dianping.com/shop/125719960,四星商户,1204,16,8.4,7.9,8,"养颜花胶鸡,鲍鱼,竹蛏王"
九久日本料理·和牛寿喜烧(1088广场店),http://www.dianping.com/shop/18129984,四星商户,5729,272,8.4,8.5,8.1,"海胆,特级白牡丹虾,霜降牛肉刺身"
火锅先生(虹桥天地店),http://www.dianping.com/shop/110348221,准五星商户,337,94,8.8,8.6,8.7,"秘制牛肉,胡椒猪肚鸡锅,自制虾滑"
滇风来云南蒸汽石锅鱼(悠方店),http://www.dianping.com/shop/97581899,五星商户,305,132,9,8.9,9.1,"江团,石锅鱼,菌王锅底"
味觉至上烤鸭火锅,http://www.dianping.com/shop/122429106,五星商户,107,103,9.1,8.9,9.1,"烤鸭,招牌胡椒猪肚锅,自制黑豆腐"
街儿巷小郡肝串串香火锅(人民广场店),http://www.dianping.com/shop/114872528,准五星商户,423,108,8.6,8,8.5,"小郡肝,香菜牛肉,麻辣牛肉"
大龙燚火锅(天钥桥路店),http://www.dianping.com/shop/101924215,准五星商户,153,148,8.6,8.5,8.1,"牛排,大龙燚千层肚,鸳鸯锅"
大龙燚火锅(淮海东路店),http://www.dianping.com/shop/112243279,准五星商户,633,139,8.7,8.5,8.5,"火锅牛排,特色脆毛肚,鸭血"
老门框爆肚涮肉(锦安东路店),http://www.dianping.com/shop/97210804,准五星商户,742,135,8.7,7.8,7.9,"爆肚,现切羊肉,祖传麻酱料"
三生小馆,http://www.dianping.com/shop/96438184,五星商户,542,48,9.1,8.8,9,"冷锅串,宜宾燃面,红糖糍粑"
大龍曲火锅(江宁路店),http://www.dianping.com/shop/121937989,五星商户,173,19,9,9,9,"嫩牛肉,手工香菜丸子,大龍曲特级雪花肥牛"
川溢香老成都火锅(普陀店),http://www.dianping.com/shop/110344972,准五星商户,1539,1,8.9,9,9,"川溢香特色嫩牛肉,虾滑,鸭血"
德隆楼涮肉,http://www.dianping.com/shop/95348005,准五星商户,895,121,8.5,8.9,8.4,"盐池太阳卷,手抓羊肉,羊肉串"
辣府(徐汇店),http://www.dianping.com/shop/17149436,准五星商户,12990,145,8.8,8.5,8.4,"鲜鹅肠,辣府鲜毛肚,雪花肥牛"
熬八年台湾火锅(南丰城店),http://www.dianping.com/shop/98345123,准五星商户,1049,155,8.5,8.8,8.3,"鸭血豆腐,台湾福袋,鸳鸯锅底"
一锅入魂日式火锅(南京东路店),http://www.dianping.com/shop/97242581,四星商户,1438,137,8.2,8.3,8.2,"寿喜锅,冰淇淋,寿喜肥牛"
唐府养生锅物料理(浦江生活广场店),http://www.dianping.com/shop/83590145,准五星商户,1204,96,8.7,9,9.1,"胡椒猪肚鸡,手工鲜虾滑,辣味煲仔饭"
捞王锅物料理(大融城店),http://www.dianping.com/shop/66827095,五星商户,2322,132,9.1,9.1,9,"胡椒猪肚鸡,皇上皇腊味煲仔饭,马蹄竹蔗水"
重庆高老九火锅(南翔太茂商业广场店),http://www.dianping.com/shop/66860201,五星商户,168,133,9,8.7,8.9,"牛蛙,现切牛羊肉,冰镇鹅肠"
狠牛火锅料理(三德广场店),http://www.dianping.com/shop/97813966,五星商户,453,103,9,8.8,8.7,"鲜切吊龙,牛肉,嫩牛"
琼州黎民海南椰子鸡(日月光中心广场店),http://www.dianping.com/shop/104501571,准五星商户,47,125,9.1,9.1,9,"椰子鸡,窝蛋煲仔饭,椰子冻"
红料理(龙柏店),http://www.dianping.com/shop/92670878,准五星商户,822,86,8.8,8.7,8.5,"老妈蹄花,成都特色锅底,豆腐爱上烤脑花"
燕归巢猪肚鸡火锅,http://www.dianping.com/shop/98262982,准五星商户,435,94,9,9,9,"猪肚鸡锅底,煲仔饭,手工虾滑"
老街小牛火锅串串,http://www.dianping.com/shop/121843941,准五星商户,216,78,9.1,9,9.1,"串串,鸳鸯锅底,香辣牛肉"
德庄火锅(物华路店),http://www.dianping.com/shop/123161398,五星商户,75,16,9,9.1,9.1,"德庄极品毛肚,九尺鹅肠,手工虾滑"
融诚之·川东大院(大华路店),http://www.dianping.com/shop/19116091,五星商户,4679,106,9,9,8.9,"牛油滋补鸳鸯锅,绿色毛肚,特级雪花肥牛"
金聚德果木烤鸭火锅(平利路),http://www.dianping.com/shop/114502235,五星商户,384,92,8.9,8.8,9,"烤鸭,整只烤鸭,胡椒猪肚锅"
老高家热气涮羊肉&蚝红天虾(板泉路店),http://www.dianping.com/shop/90278622,准五星商户,1548,121,9,8.6,8.8,"红烧羊蝎子,十三香龙虾两斤,热气羊肉"
那都不是锅港式打边炉(中原城市广场店),http://www.dianping.com/shop/127436487,准五星商户,58,130,8.6,8.2,8.4,"鲍鱼,竹蛏王,养颜金米浓汤锅"
雄帝和老重庆火锅馆(张江绿地缤纷广场店),http://www.dianping.com/shop/103595233,五星商户,369,121,8.9,9.1,9.1,"冰镇脆毛肚,冰镇脆黄喉,串串鹅肫"
老成都串串香火锅,http://www.dianping.com/shop/107977198,五星商户,106,83,9,8.9,9,"串串香,自制冰粉,红糖糍粑"
巴四老城区(世茂广场店),http://www.dianping.com/shop/109463975,准五星商户,305,10,8.9,8.6,8.3,"单层炭火蛙锅,双层牛蛙,老城区炭火蛙锅（2-3人）"
杨府霸道私房火锅(国定路店),http://www.dianping.com/shop/97110160,准五星商户,1379,232,8.9,9,8.6,"霸道鲜牛蛙,霸道空运绿色毛肚,霸道蟹肉棒"
渝利火锅(96广场店),http://www.dianping.com/shop/5529178,准五星商户,9620,140,8.8,8.5,8.7,"招牌麻辣锅底,空运绿色毛肚,鸭血"
那都不是锅港式打边炉(川沙店),http://www.dianping.com/shop/124557836,四星商户,700,131,8.4,8,7.6,"鲍鱼,花胶鸡汤底,竹蛏王"
老门框爆肚涮肉店(凌河路店),http://www.dianping.com/shop/92237196,准五星商户,146,136,8.8,8,7.9,"爆肚儿,手切后腿,糖醋大蒜"
吼爽·重庆火锅(新世界城店),http://www.dianping.com/shop/79586697,五星商户,6455,134,8.8,8.9,9.1,"桂花紫米粥,手工炸腐皮,鳗豚蛙三鲜拼盘"
青花椒砂锅鱼(米岛店),http://www.dianping.com/shop/24258140,五星商户,7371,93,9.1,8.9,9.1,"青花椒味砂锅鱼,香蕉飞饼,口水鸡"
宝燕海货工场·煮海海鲜火锅(春申店),http://www.dianping.com/shop/56533457,准五星商户,1039,173,9,9,8.9,"雪花,吊龙,匙柄"
诺铂火锅,http://www.dianping.com/shop/94271271,五星商户,321,358,9.2,9.2,9.2,"诺铂金汤,贝类组合,多宝鱼"
Mo Mo牧场(金虹桥国际中心店),http://www.dianping.com/shop/19635046,准五星商户,7279,156,8.5,8.7,8.6,"严选霜降牛肩肉,寿喜锅,严选上等牛五花肉"
N2U BARBECUE熨斗烤肉(宝山万达金街店),http://www.dianping.com/shop/92130213,准五星商户,1583,14,8.5,8.3,8.8,"经典拼盘,牛肉拼盘,烤肉三兄弟拼盘"
左庭右院鲜牛肉火锅(正大乐城店),http://www.dianping.com/shop/126164367,准五星商户,39,17,8.9,8.6,8.5,"鲜牛肉,牛杂鸳鸯锅,蟹籽鲜虾滑"
那都不是锅港式打边炉(五角场店),http://www.dianping.com/shop/126020336,四星商户,484,131,8.3,8.4,8.1,"养颜花胶鸡汤锅,鲍鱼,竹蛏王"
得億火锅,http://www.dianping.com/shop/110530181,准五星商户,350,363,8.8,8.7,8.6,"火腿骨炖咸猪肘鸡锅,法式椒盐牛蛙腿,安格斯雪花牛肉"
西北郎炭火蛙锅·烧烤(吴江路3店),http://www.dianping.com/shop/101238341,准五星商户,701,129,8.6,8,8.4,"双层炭火蛙锅,火山排骨,羊肉串"
四川香天下火锅(昌里路店),http://www.dianping.com/shop/96097168,准五星商户,141,128,8.7,8.8,8.8,"一米肥牛,尼古拉斯小熊锅底,鸭血"
酸滋味酸汤火锅,http://www.dianping.com/shop/121518746,五星商户,179,102,9,8.9,9.1,"鸳鸯酸汤火锅,游水黑鱼片,手打功夫牛肉丸"
冰奇羊·冰煮的牦牛肉羊肉(中庚漫游城店),http://www.dianping.com/shop/122732226,准五星商户,106,137,8.5,9,8.6,"冰泉小尾寒羊排锅,牦牛肉水煎包,烤羊肉"
荔枝·青年火锅(魔都直营店),http://www.dianping.com/shop/125069331,准五星商户,156,139,8.5,8.6,8.6,"极品雪花肥牛,现炸酥肉,牛蛙"
爸爸炒料牛排老火锅(世纪汇店),http://www.dianping.com/shop/126750305,准五星商户,78,107,8.8,8.6,8.8,"爸爸煮牛排骨,蛋酥糍粑,巴掌大毛肚"
藻想鱼见你·鲜货鱼火锅(八佰伴店),http://www.dianping.com/shop/79632767,准五星商户,2239,141,8.6,8.8,8.9,"野化长江斑鱼片,手打螺旋藻虾滑,螺旋藻汤底"
狠牛火锅料理(宝山亿博店),http://www.dianping.com/shop/67544300,准五星商户,2091,99,8.9,8.8,8.6,"吊龙,qq虾滑,牛骨清汤锅底"
泰小伙曼谷夜市火锅(金桥国际广场店),http://www.dianping.com/shop/66698847,准五星商户,3260,142,8.7,8.8,8.8,"冬阴功虾汤锅底,泰式玛莎鸡,招牌椰浆虾丸"
汤伯府·骨汤猪肚鸡(泗泾店),http://www.dianping.com/shop/98656647,准五星商户,405,95,9,8.9,8.8,"招牌猪肚鸡锅,招牌一米牛肉,皇上皇腊味煲仔饭"
半斤八两小郡肝串串香,http://www.dianping.com/shop/120758975,准五星商户,238,88,8.9,8.7,8.7,"小酥肉,红糖糍粑,现杀牛蛙"
辣府(金沙江路店),http://www.dianping.com/shop/18178278,准五星商户,10602,148,9,8.7,8.3,"雪花肥牛,辣府鲜毛肚,鲜鹅肠"
海底捞火锅(五龙广场店),http://www.dianping.com/shop/128895790,五星商户,72,132,9.1,9.1,9.1,"上海首家升降锅,捞派滑牛肉,招牌虾滑"
四川香天下火锅(大华店),http://www.dianping.com/shop/22916210,准五星商户,8709,138,8.8,8.8,8.6,"冰镇毛肚,农家酥肉,加拿大肥牛"
铜炉湾·潮汕牛肉火锅(世博源店),http://www.dianping.com/shop/21678163,准五星商户,10558,130,8.6,8.6,8.4,"吊龙,潮式手打牛肉丸,嫩肉"
老天桥蛙炉火锅,http://www.dianping.com/shop/111977249,五星商户,819,99,9,8.9,9.1,"现杀牛蛙,红糖糍粑,放学小肉"
壹小馆·皇城老妈小火锅(凯德星贸店),http://www.dianping.com/shop/93546248,四星商户,1341,127,8.2,8.6,8.2,"火锅自助,肥牛卷,鲍鱼"
嗨锅(七宝凯德店),http://www.dianping.com/shop/102126353,准五星商户,574,124,8.5,8.8,8.5,"招牌沙嗲麻辣双拼锅,咸蛋黄烤牛蛙,嗨锅烤牛蛙系列"
易品轩私房火锅,http://www.dianping.com/shop/2447191,准五星商户,623,209,8.9,8.9,8.6,"低辣锅底,鲜毛肚,鸭血"
豆捞坊·胶原花胶火锅(浦江店),http://www.dianping.com/shop/59419338,准五星商户,1769,141,8.8,9,9,"豆捞大虾仁滑,炸腐皮,特色骨汤锅"
那都不是锅港式打边炉(高桥店),http://www.dianping.com/shop/124557843,四星商户,481,148,8.7,7.8,7.7,"鲍鱼,竹蛏王,花胶鸡锅底"
鱼柜 鱼火锅(农工商牡丹江路店),http://www.dianping.com/shop/126566701,五星商户,47,92,9,9,9.1,"涮鱼片,鞍糠鱼肝,竹节虾"
花吃菌煮(古北路店),http://www.dianping.com/shop/27033179,准五星商户,2029,209,9,8.7,9,"菌临天下,四季鲜花开,老实巴交牛肝菌"
豆捞坊·胶原花胶火锅(江桥万达店),http://www.dianping.com/shop/5211238,准五星商户,4381,155,8.9,8.9,8.8,"大虾滑,炸腐皮,特色墨鱼滑"
哈尼石锅鱼(人广来福士店),http://www.dianping.com/shop/83511351,准五星商户,2241,148,8.5,8.7,8.6,"江团鱼,原味原汁锅,云南香豆腐"
九牛二炉潮汕鲜牛肉火锅(中兴店),http://www.dianping.com/shop/18396978,准五星商户,5435,17,9,8,8.6,"吊龙,牛肉熟丸,手打牛丸生丸"
老码头火锅(铜川路店),http://www.dianping.com/shop/93468723,五星商户,988,138,9,8.9,9.1,"雪花牛肉,玫瑰牛舌,水牛毛肚"
熬八年台湾火锅(富民路店),http://www.dianping.com/shop/59170115,准五星商户,4896,163,8.5,8.7,8.3,"麻辣鸭血,台湾福袋,顶级雪花牛肉"
欲之宴·香焰黑椒牛肉锅,http://www.dianping.com/shop/101226788,五星商户,225,183,8.9,8.9,9,"十八香经典龙虾,烤生蚝,醉迷红楼VIP特大龙虾"
牛签签串串香火锅(人广旗舰店),http://www.dianping.com/shop/121492416,准五星商户,397,13,8.7,8.7,8.7,"潮牌串串香,芝士虾滑,蒜香酥肉"
樱桃捞火锅(南京西路店),http://www.dianping.com/shop/97553716,准五星商户,1636,120,8.5,9,9.1,"雪花牛肉,手工虾滑,番茄牛尾锅底"
菌府码头牛腩鲜菌火锅(金杨路店),http://www.dianping.com/shop/96989056,五星商户,798,106,9.1,9.1,9,"鲜菌牛腩拼盘,乌骨鸡肉卷,传奇脆嫩毛肚"
红料理|串串有瘾(昌里店),http://www.dianping.com/shop/74597825,准五星商户,2513,86,8.7,8.7,8.4,"老妈蹄花,冒脑花,牛蛙"
嗨锅(诺亚新天地店),http://www.dianping.com/shop/50256567,准五星商户,5699,18,8.8,8.6,8.6,"招牌沙嗲麻辣双拼锅,日式照烧牛蛙,雪花肥牛"
好骨气火锅(外高桥店),http://www.dianping.com/shop/32515780,准五星商户,2432,86,8.8,8.7,8.6,"招牌骨头锅,自制虾滑,霜降雪花牛肉"
筑间幸福锅物(万都中心店),http://www.dianping.com/shop/112163057,准五星商户,325,16,9,9.1,8.7,"芝士牛奶锅,明治冰淇淋,上脑牛肉"
炉得香烤鸭火锅(龙茗路店),http://www.dianping.com/shop/97435241,准五星商户,1958,97,8.7,8.4,8.6,"果木片皮烤鸭,酸萝卜锅底,猪肚鸭架锅"
青花椒砂锅鱼(长寿路店),http://www.dianping.com/shop/67905641,准五星商户,4539,93,8.8,8.9,8.9,"青花椒味砂锅鱼,香蕉飞饼,口水鸡"
豆捞坊·胶原花胶火锅(大宁国际商业广场店),http://www.dianping.com/shop/2120266,准五星商户,1697,140,8,8.2,7.8,"特色墨鱼滑,炸腐皮,金针菇"
煲宫(万体店),http://www.dianping.com/shop/9980089,准五星商户,5135,120,8.9,8.7,8.8,"冬阴功浓汤猪肚鸡,特色煲仔饭,马蹄竹蔗水"
齐民市集(衡山路店),http://www.dianping.com/shop/79290352,准五星商户,2251,190,8.6,9.1,8.8,"特级海鲜拼盘（8种）,M5西冷和牛,古早味猪油拌饭"
东来居港式海鲜火锅 King’s Garden,http://www.dianping.com/shop/101963456,五星商户,187,536,9.2,9.1,9.3,"法国干邑火焰龙虾汤,老板鹅肝煎蛋饭,冰镇富贵虾"
那都不是锅港式打边炉(仙霞店),http://www.dianping.com/shop/127800293,准五星商户,59,168,8.5,8.3,8.2,"竹蛏王,鲍鱼,花胶鸡汤"
宴羊楼(纳贤店),http://www.dianping.com/shop/69785927,五星商户,442,99,9,8.8,9,"苏尼特千层腹肉,烤羊骨棒,苏尼特优质高钙"
左庭右院鲜牛肉火锅(联洋广场店),http://www.dianping.com/shop/126942662,准五星商户,41,132,8.9,8.7,8.9,"吊龙,匙皮肉,胸口涝"
麻十七重庆藤椒蛙火锅(南京东路店),http://www.dianping.com/shop/92653269,五星商户,4549,132,9,9,9.1,"四味养身锅底,竹荪爱虾滑,番茄牛腩鸳鸯锅"
本素?酸菜鱼(永靖店),http://www.dianping.com/shop/11554659,五星商户,1973,95,9.1,8.6,8.3,"酸菜鱼,口水鸡,秘制荞面"
大龙燚火锅(浦东食品城店),http://www.dianping.com/shop/95919357,准五星商户,2021,141,8.7,8.3,8.5,"火锅牛排,毛肚,鸭血"
旬四时五味,http://www.dianping.com/shop/98472507,准五星商户,479,206,8.5,9,8.8,"招牌鹅肝牛肉寿喜锅,烤活鳗,料理长严选牛肉寿喜锅"
渝火老城区炭火蛙锅(定西路店),http://www.dianping.com/shop/108144787,准五星商户,1567,103,8.7,8.4,9,"招牌单层美蛙锅,红糖糍粑,老城区双层炭火蛙锅"
小辉哥火锅(大悦城店),http://www.dianping.com/shop/43555829,准五星商户,281,131,8.8,9,8.7,"炸腐皮（1例）,手打鲜虾滑,特色雪花牛肉"
吴老幺火锅(静安店),http://www.dianping.com/shop/127927859,五星商户,59,89,9,9,8.7,"吴家鲜毛肚,秘制牛肉,吴家虾滑"
乐聚捞火锅·酒馆(罗店上坤店),http://www.dianping.com/shop/124509142,准五星商户,109,13,8.9,9,8.9,"猪肚鸡汤锅,大虾仁滑,炸腐皮"
云蜀哥鲜牛肉美蛙鱼火锅,http://www.dianping.com/shop/123472108,五星商户,53,96,9,9,9.1,"牛蛙,锅底,招牌空运毛肚"
宫幺妹火锅(宝龙广场店),http://www.dianping.com/shop/120056400,五星商户,229,89,9.1,8.9,9,"麻辣香菜牛肉,秘制蟹肉棒,红糖糍粑"
红房串香·小郡肝串串香(仲盛世界店),http://www.dianping.com/shop/122399755,准五星商户,103,90,8.6,8.6,8.7,"满口生香香菜牛肉,辣中带甜哈密瓜牛肉,芹菜牛肉"
四川香天下火锅(天山店),http://www.dianping.com/shop/9359347,准五星商户,10425,142,8.6,8.6,8.5,"冰镇毛肚,挂面鸭肠,加拿大肥牛"
京城一锅羊蝎子火锅(阳曲路店),http://www.dianping.com/shop/113927996,五星商户,537,92,9.1,8.2,9,"羊蝎子锅（大锅）,瓜子,手切热气羊肉（大份）"
我在成都等你(云南南路店),http://www.dianping.com/shop/68961315,准五星商户,3589,79,8.6,8.4,8.3,"现炸小酥肉,红糖糍粑,老妈蹄花"
焱格格蔬食料理火锅(静安店),http://www.dianping.com/shop/20780013,准五星商户,2580,212,8.9,9,8.9,"芥末芝士丸,炸猪排,素午餐肉"
今年牛事·潮品全牛火锅(曹杨路店),http://www.dianping.com/shop/32453615,准五星商户,4061,16,8.6,8.3,8.5,"嫩肉,吊龙,爆浆牛肉丸"
里白花胶鸡汤火锅(金山店),http://www.dianping.com/shop/97470922,准五星商户,273,147,8.9,8.9,9,"番茄牛排锅,招牌走地鸡煲花胶汤底,自制鲜虾滑"
炉得香双层烤鸭火锅(汶水路店),http://www.dianping.com/shop/76948242,四星商户,4016,107,8.5,8.1,8.1,"招牌烤鸭,（外卖）炉得香果木片皮鸭,酸萝卜鸭架锅"
左庭右院鲜牛肉火锅(金山万达店),http://www.dianping.com/shop/56868238,五星商户,583,19,9.1,9,9,"吊龙,嫩肉,炸腐皮"
明洞刀面·火锅(虹泉路店),http://www.dianping.com/shop/2656123,准五星商户,2162,83,8.5,8.1,8.6,"菜包肉,大饺子,明洞刀面"
巴实重庆老麻火锅(浦江华侨城店),http://www.dianping.com/shop/67107812,五星商户,3221,123,9,8.8,9,"嫩牛肉,脆毛肚,巴到烫嫩滑鸭血"
相逢菌语,http://www.dianping.com/shop/113080925,五星商户,132,251,9.1,9.2,9.2,"南诏菌王土鸡汤底,菌王拼盘,手打野生菌牦牛肉丸"
红料理|串串有瘾(张杨路店),http://www.dianping.com/shop/122862197,准五星商户,189,88,8.7,8.8,8.9,"串串,红料理招牌老妈蹄花,红料理九鼎鱼"
宽城子成都市井火锅(宝山路店),http://www.dianping.com/shop/93641501,准五星商户,2027,90,8.7,8.4,8.3,"红糖糍粑,四川小酥肉,四川冰粉"
云中鱼云南蒸汽石锅鱼(五角场店),http://www.dianping.com/shop/102029524,准五星商户,495,106,8.6,8.8,8.8,"江团鱼,清江鱼,鱼汤"
梅亭自助寿喜锅,http://www.dianping.com/shop/67648891,四星商户,1243,159,8.4,8,8.1,"生牛肉,寿喜锅牛肉,特尚牛肉胶原牛肉黑毛牛肉年糕"
君之濠海鲜火锅,http://www.dianping.com/shop/122054058,五星商户,42,804,9.2,9.2,9.2,"鼎王雪花牛肉,金牌花胶鸡汤,加拿大象拔蚌"
臻·老龙口涮肉坊(虹井路店),http://www.dianping.com/shop/114468038,五星商户,301,122,9.1,8.9,9.1,"高钙羊肉,空运牛黄喉,鲜切羊腿肉"
渝利火锅(开元地中海店),http://www.dianping.com/shop/23337129,五星商户,3194,127,9,9.1,9,"渝利手工虾滑,空运绿色毛肚,渝利牛酥肉"
重庆大队长火锅,http://www.dianping.com/shop/122498181,准五星商户,87,19,8.4,8.9,8.6,"勇气牛肉,红糖糍粑,书记毛肚"
钱家·乔老爷铜锅涮肉,http://www.dianping.com/shop/59033430,准五星商户,1479,13,8.8,8.2,8.1,"热气羊肉,牛肋条,蟹肉棒"
金胶玉粤·胶原花胶鸡火锅PHOENIX Hotpot&Bar(龙茗路...,http://www.dianping.com/shop/95538286,准五星商户,451,171,8.6,8.5,8.7,"金汤胶原花胶鸡锅底,港式脆皮乳鸽,手打深海虾滑"
觅香稻场火锅小酒窝,http://www.dianping.com/shop/121546219,准五星商户,443,128,8.5,8.9,8.2,"大咖组合,火锅牛排,极品空运毛肚"
聚城老北京爆肚涮肉坊,http://www.dianping.com/shop/120121761,准五星商户,143,19,8.6,8.3,9,"羊肉大串,手切后腿肉,牛百叶"
虾启哄·川江湖,http://www.dianping.com/shop/111775192,五星商户,80,205,9.2,9.2,9.2,"极品冰镇,极品蒜蓉,十三香小龙虾"
香港蛟龙过海,http://www.dianping.com/shop/113121124,四星商户,470,312,8.3,8.5,8.6,"花胶鸡锅,花胶鸡汤,腊味煲仔饭"
京三爷老北京铜炉涮锅(中信广场店),http://www.dianping.com/shop/79213737,准五星商户,2880,126,8.7,8.9,8.3,"热气羊肉,招牌肥牛,三爷牛小排"
酒寻,http://www.dianping.com/shop/102115347,准五星商户,286,151,8.5,8.8,8.7,"厚切牛舌,三文鱼甜虾刺身,鳕鱼海鲜锅"
井格重庆火锅(龙之梦店),http://www.dianping.com/shop/23722267,准五星商户,4096,142,8.4,8.6,8.5,"鲜毛肚,巴蜀牛肉,现炸酥肉"
嗨锅(中山公园店),http://www.dianping.com/shop/72339695,准五星商户,4664,129,8.6,8,8.2,"招牌沙嗲麻辣双拼锅,嗨锅烤牛蛙系列,咸蛋黄烤牛蛙"
丽江印象斑鱼府(七宝宝龙店),http://www.dianping.com/shop/67351333,准五星商户,1286,129,8.8,8.6,8.7,"斑鱼片,鱼皮,野生菌"
德荣老北京铜锅(物华路店),http://www.dianping.com/shop/96318251,准五星商户,505,18,8.7,8.5,8.3,"热气羊肉,蟹肉棒,自制蘸料"
捞王锅物料理(金鼎路店),http://www.dianping.com/shop/23986915,五星商户,2431,139,9.1,9.1,9.1,"皇上皇腊味煲仔饭,爆浆手打虾丸,马蹄竹蔗水"
四川香天下火锅(吴中路店),http://www.dianping.com/shop/22389151,准五星商户,3058,153,8.5,8.5,8.3,"冰镇毛肚,挂面鸭肠,农家酥肉"
皇城根(华宁弘基生活中心店),http://www.dianping.com/shop/8911062,准五星商户,4410,133,8.6,8.6,8.5,"特色景泰蓝火锅,老北京糖葫芦,烤羊肉串"
潮牛海记(上海通北路店),http://www.dianping.com/shop/32343985,准五星商户,4580,18,8.9,8.6,8.3,"手打牛肉丸,吊龙,脖仁"
邂逅丽江·鲜货斑鱼府(松江店),http://www.dianping.com/shop/96651731,准五星商户,512,139,9,8.8,8.7,"邂逅丽江斑鱼片,鲜花原味斑鱼锅底,虾滑"
潮家牛肉火锅(广灵二路店),http://www.dianping.com/shop/22440453,五星商户,2358,19,9.1,8.2,8.6,"吊龙,潮州牛肉丸,炸腐皮"
巴四老城区炭火蛙锅(大悦城店),http://www.dianping.com/shop/98841484,准五星商户,1612,19,8.4,8.4,8.6,"老城区双层美蛙锅,红糖糍粑,老城区炭火蛙锅"
罗记火锅(卢湾店),http://www.dianping.com/shop/122311647,准五星商户,100,313,8.9,8.7,9,"浓汤花胶鸡锅,澳洲M5和牛,生拆蟹粉龙虾锅"
313羊庄(宝山万达店),http://www.dianping.com/shop/126235284,准五星商户,34,19,8.9,8.2,8.7,"铁锅烀羊肉,羊杂拼盘,烤羊肉串"
大渝火锅(七宝万科店),http://www.dianping.com/shop/102117718,准五星商户,767,138,8.6,8.7,8.8,"脆嫩毛肚,冰脆牛黄喉,特色鸭血"
大渝火锅(五角场万达店),http://www.dianping.com/shop/69077017,准五星商户,4392,136,8.8,8.6,8.7,"脆嫩毛肚,自制牛蛙酱料,冰脆牛黄喉"
钢管厂五区小郡肝串串香火锅(南京西路店),http://www.dianping.com/shop/121936410,四星商户,504,14,8.3,8.2,8.1,"小郡肝,香菜牛肉,鸳鸯锅"
谭记斑鱼庄(东鼎购物中心店),http://www.dianping.com/shop/93277811,五星商户,279,109,8.9,8.9,9.1,"斑鱼,雪花肥牛,自制豆浆"
壹条锅私房料理(华山花苑店),http://www.dianping.com/shop/97781080,五星商户,490,151,9,8.4,9,"招牌老母鸡锅,M5澳洲雪花牛肉,罗宋番茄锅"
辣椒星球串串集合店ChiliChili,http://www.dianping.com/shop/97559348,准五星商户,1459,101,8.5,8.9,8.1,"串串,南瓜酒酿,奶冻"
鼎尊锅物料理(五角场店),http://www.dianping.com/shop/21812431,准五星商户,1520,103,8.8,8.8,9,"让人微笑的汤胡椒猪肚鸡,皇上皇腊味煲仔饭,爆浆芝士明珠虾丸"
辣府(打浦店),http://www.dianping.com/shop/9029614,准五星商户,8777,149,8.9,8.8,8.4,"鲜鹅肠,老油条牛肉滑,鸡鸭血"
明成缘 帕帕呀(塔城路店),http://www.dianping.com/shop/19478114,准五星商户,1446,81,8.9,9,9.1,"牛肉,部队年糕,香甜辣炸鸡套餐饭"
老门框爆肚涮肉(四川北路店),http://www.dianping.com/shop/126358947,四星商户,126,148,8.8,7.9,8,"羊肉串,祖传麻酱料,手切羊后腿"
重庆高老九火锅(嘉定华润万家店),http://www.dianping.com/shop/27350247,五星商户,2598,146,9.1,9,9,"麻辣牛肉,牛蛙,合家四喜锅"
东来顺(外滩店),http://www.dianping.com/shop/22348482,四星商户,4515,194,8.6,9,8.4,"红柳枝羊肉串,景泰蓝木炭菌汤锅底,手切羊肉拼盘"
重庆镇三关火锅(中海环宇荟店),http://www.dianping.com/shop/102764567,准五星商户,849,168,8.5,8.6,9,"专攻午餐肉,空运血旺,炸豆皮"
红料理|串串有瘾(梅川店),http://www.dianping.com/shop/23875177,准五星商户,2283,86,9,8.9,8.7,"老妈蹄花,特色烧烤,烤带子裙边"
云中鱼云南蒸汽石锅鱼(浦东食品城店),http://www.dianping.com/shop/90089959,准五星商户,1272,100,8.9,8.1,8.9,"蒸汽石锅鮰鱼,玫瑰鲜花饼,江团鱼"
粮好山黄牛火锅,http://www.dianping.com/shop/100041461,五星商户,306,123,9.1,9.3,9.2,"椰子矿泉水锅底,鲜切吊龙伴,山黄牛骨鲜汤锅底"
煲宫(龙阳广场店),http://www.dianping.com/shop/16982728,准五星商户,7375,12,8.8,8.3,8.6,"煲宫精选猪肚（肚头）,煲宫养生猪肚鸡,特色煲仔饭"
颐品居热气羊肉馆(乌鲁木齐中路店),http://www.dianping.com/shop/579409,四星商户,2521,13,8.7,6.8,7.5,"热气羊肉,红烧羊肉,豆腐衣"
蒸嗨啦蒸汽海鲜主题餐厅(浦江城市生活广场店),http://www.dianping.com/shop/90042426,准五星商户,619,175,8.7,8.7,8.8,"竹蛏王,海鲜粥,基围虾"
新一哥港式精品火锅(瑞金店),http://www.dianping.com/shop/110880919,准五星商户,255,301,8.8,9,8.5,"澳洲西冷和牛,胡椒猪肚鸡汤锅,象拔蚌刺身"
杨府霸道私房火锅,http://www.dianping.com/shop/92886319,五星商户,798,232,9.1,9.1,9,"毛肚,牛蛙,5a牛肉"
小辉哥火锅(世博源店),http://www.dianping.com/shop/18202207,准五星商户,7832,134,8.7,8.7,8.4,"炸腐皮,特色雪花牛肉,口口香牛肉粒"
哈尼石锅鱼(近铁城市广场店),http://www.dianping.com/shop/97968782,准五星商户,455,145,8.7,8.9,8.8,"江团,云南菌菇锅,黑松露竹荪鱼滑卷"
耍串·川味小食研究所(保利时光里店),http://www.dianping.com/shop/96414527,准五星商户,790,79,9,9,8.8,"小酥肉,串串香,红糖糍粑"
老城区炭火蛙锅(疁城新天地店),http://www.dianping.com/shop/112035265,五星商户,123,101,8.7,8.8,9,"炭火美蛙锅,红糖糍粑,双层美蛙锅"
三人行骨头王火锅(日月光中心店),http://www.dianping.com/shop/96204531,准五星商户,539,106,8.7,8.7,8.4,"骨头王锅（大）,片皮鸭包饼,钵钵鸡"
魔焰美蛙鱼头(龙湖北城天街店),http://www.dianping.com/shop/93527828,准五星商户,1074,93,8.9,8.6,8.9,"魔盒锡纸蛙,红糖糍粑,魔法烤牛蛙"
百素我家酸菜鱼(长宁龙之梦店),http://www.dianping.com/shop/90325404,准五星商户,4494,93,8.5,8.4,8.4,"黑鱼微辣,酸菜黑鱼,百素奶豆腐"
巴顿火锅(泗泾店),http://www.dianping.com/shop/24930986,准五星商户,1980,106,9,8.7,9,"空运毛肚,肥牛,手打虾滑"
红料理|串串有瘾(复旦店),http://www.dianping.com/shop/98151430,准五星商户,626,86,8.7,8.8,8.7,"老妈蹄花,冒脑花,成都特色锅底"
三人行骨头王火锅(徐汇总店),http://www.dianping.com/shop/500668,准五星商户,27295,83,7.7,6.9,7.3,"骨头王锅（大）,骨头砂锅,厚百叶"
严记老北京涮锅(徐汇店),http://www.dianping.com/shop/2034511,准五星商户,1250,106,8.6,7.1,8.1,"热气羊肉,半肥热气羊肉,严记麻酱"
老北京涮锅,http://www.dianping.com/shop/21137140,准五星商户,162,15,8.8,7.5,8.4,"热气羊肉,羊肉串,沙茶酱"
京韵胡同羊蝎子火锅涮肉(长寿路店),http://www.dianping.com/shop/21047748,四星商户,6428,154,8.4,8.2,8.1,"羊蝎子,热气羊肉串,热气羊肉"
战炉老城区炭火蛙锅,http://www.dianping.com/shop/122117449,五星商户,264,96,8.7,8.7,9,"炭火美蛙锅,烤羊肉串,老成都红糖糍粑"
李鸭血重庆老火锅,http://www.dianping.com/shop/127096820,准五星商户,48,97,8.8,9,8.6,"鸭血,毛肚,猪黄喉"
小辉哥火锅(龙之梦购物中心虹口店),http://www.dianping.com/shop/17195312,准五星商户,8015,148,8.6,8.7,8.5,"特色雪花肥牛,炸腐皮（1例）,手打鲜虾滑"
四川香天下火锅(龙阳店),http://www.dianping.com/shop/77226805,准五星商户,2167,138,8.6,8.6,8.5,"一米牛肉,鲜毛肚,鸭血"
牛很鲜潮汕牛肉火锅,http://www.dianping.com/shop/28425895,四星商户,8950,15,8.4,8.1,7.9,"手打牛肉丸,吊龙,爽口嫩肉"
四川香天下火锅(淮海中路店),http://www.dianping.com/shop/21178675,四星商户,10884,148,8,8.2,7.7,"农家酥肉,红糖糍粑,空运鲜毛肚"
古炉火锅·老成都(七宝宝龙店),http://www.dianping.com/shop/67074123,准五星商户,1838,133,8.9,9,8.6,"古炉酥肉,古炉空运脆毛肚,瀑布禾牛"
巴愚人码头文化火锅,http://www.dianping.com/shop/112531505,准五星商户,276,97,8.6,8.7,8.1,"重庆老肉,牛蛙,鸳鸯锅底"
辣疯乐美蛙鱼头火锅,http://www.dianping.com/shop/97693974,准五星商户,590,10,8.7,9,9,"爽口脆毛肚,秘制牛蛙,重庆美蛙鱼头火锅"
北京五爷涮羊肉(田尚坊商业中心店),http://www.dianping.com/shop/24813287,四星商户,3396,147,8.4,8.3,8.2,"手切热气鲜羊肉（大份）,红柳枝大羊肉串,老北京清汤铜锅底"
麻十七重庆老麻火锅(龙盛国际商业广场店),http://www.dianping.com/shop/24770043,五星商户,3319,134,9,9.1,9.1,"脆毛肚,嫩牛肉,巴到烫嫩滑鸭血"
牛华八婆火锅串串(玫瑰坊总店),http://www.dianping.com/shop/122791862,准五星商户,347,89,8.5,8.6,8.8,"焦糖豆花,秘制牛肉串串,秘制油碟"
德荣老北京铜锅(营口路店),http://www.dianping.com/shop/32597916,准五星商户,724,105,8.8,8,8.4,"热气羊肉,蟹肉棒,金牌雪花牛肉"
唐府养生锅物料理(三林店),http://www.dianping.com/shop/16967125,准五星商户,431,105,8.8,8.9,9,"胡椒猪肚鸡锅,虾球芝士丸,辣味煲仔饭"
樱花渡火锅,http://www.dianping.com/shop/126169237,准五星商户,19,128,8.4,9,9,"调料水果,一米鹅肠,一米樱花羊肉"
粤品捞猪肚鸡(共康店),http://www.dianping.com/shop/21804103,准五星商户,759,86,8.7,8.4,8.7,"猪肚鸡,广东煲仔饭,虾滑"
青锅花椒鱼·纸包鱼(包头南路店),http://www.dianping.com/shop/23890016,五星商户,458,72,9,8,8.8,"招牌青花椒鱼活鱼现做,特色青花椒砂锅鱼,热卤鸭翅"
肥妈正宗澳门猪骨煲,http://www.dianping.com/shop/123906313,四星商户,40,13,8.5,8.4,7.8,"椒盐浓汤鸡脚骨头锅,椒盐豆腐,卤水牛杂"
陈记顺河牛肉宴(大宁店),http://www.dianping.com/shop/65752850,准五星商户,1487,126,8.6,8.4,8.6,"吊龙,手打牛肉丸,嫩牛"
蜀九香(延安西路店),http://www.dianping.com/shop/18259246,准五星商户,4891,193,8.8,9.1,8.7,"九香牛肉,精选鲜牛肚,鹅肠"
香港燚丰海鲜火锅,http://www.dianping.com/shop/95882659,准五星商户,807,440,8.7,8.1,8.5,"金汤鱼翅花胶锅,鬼马油条,燚丰招牌伊比利亚黑毛猪"
华虾乡&老北京铜锅涮羊肉(九百店),http://www.dianping.com/shop/92038411,准五星商户,818,14,8.9,8.4,8.8,"羊蝎子锅,十三香虾王,烤鲜带子"
御香海(宋园店),http://www.dianping.com/shop/2060671,准五星商户,1097,147,8.4,7.9,7.9,"生牛肉刺身,啤酒牛肉,金牌肥牛"
四川香天下火锅(泗泾店),http://www.dianping.com/shop/103620435,准五星商户,319,128,8.5,8.7,8.6,"九宫格,荣华富贵锅底,冰镇毛肚"
大龙燚火锅(长寿店),http://www.dianping.com/shop/24987441,四星商户,4649,155,8.5,8.1,8,"牛排,大刀毛肚,鸭血"
老长沙跳跳蛙,http://www.dianping.com/shop/19088793,准五星商户,1532,102,8.5,7.7,8.3,"酱爆牛蛙,弟陀跳跳蛙,盐烤蟹"
山城辣妹子(汇都店),http://www.dianping.com/shop/67230485,准五星商户,8310,120,8.8,9,9,"调料水果自助,辣妹鸳鸯锅,酒酿圆子"
四川香天下火锅(唐镇店),http://www.dianping.com/shop/97343845,准五星商户,941,131,8.6,8.6,8.6,"尼古拉斯小熊锅底,一米牛肉,水牛毛肚"
韩膳宫料理(新世界城店),http://www.dianping.com/shop/5292360,四星商户,17490,102,8.2,8,8,"五花肉,南瓜粥,秘制烤牛肉"
云南蒸汽石锅鱼(汇阳广场店),http://www.dianping.com/shop/92831216,准五星商户,741,92,8.6,8.1,8.9,"江团鱼,鮰鱼,鲜花饼"
四川香天下火锅(米岛美食中心店),http://www.dianping.com/shop/24645082,准五星商户,5694,142,8.5,8.4,8.3,"农家酥肉,空运鲜毛肚,红糖糍粑"
虹村正宗潮汕打边炉(合川路店),http://www.dianping.com/shop/2180695,准五星商户,341,480,8.9,8.1,8.3,"椒盐大王蛇,百叶包,蛇煲饭"
骨又几筒骨煲火锅料理,http://www.dianping.com/shop/110872206,准五星商户,257,95,8.8,9,9.1,"骨头锅,精品肥牛,红糖糍粑"
四川香天下火锅(延安西路店),http://www.dianping.com/shop/13803854,准五星商户,6209,137,8.4,8.4,8.2,"冰镇毛肚,红糖滋粑,挂面鸭肠"
吴记鲜定味,http://www.dianping.com/shop/20673227,四星商户,2591,188,8.3,8.1,8.4,"鸭血豆腐畅吃,台式花生粉猪血糕,牛肉"
重庆牧羊传奇火锅(杨浦新江湾城店),http://www.dianping.com/shop/93068030,五星商户,534,134,9,9,8.9,"重庆空运毛肚王,精品热切羊肉,鸳鸯锅"
老门框爆肚涮肉店(淮海东路店),http://www.dianping.com/shop/97210771,四星商户,1824,144,8.4,7.6,7.6,"爆肚,祖传麻酱料,辣椒油"
炊二哥四川火锅(长宁店),http://www.dianping.com/shop/97192868,准五星商户,1289,18,8.7,8.5,8.6,"四川空运鲜毛肚,现炸酥肉,番茄锅底"
海道传火锅,http://www.dianping.com/shop/27481399,准五星商户,5891,10,8.7,9,9,"毛肚,招牌虾滑,安格拉斯牛肉"
四川香天下火锅(川沙店),http://www.dianping.com/shop/102085517,准五星商户,764,125,8.5,8.8,8.6,"一米牛肉,尼古拉斯小熊锅底,冰镇毛肚"
那都不是锅港式打边炉(鹿都商业广场店),http://www.dianping.com/shop/126020267,准五星商户,307,102,8.6,8.2,8.3,"养颜金米浓汤锅,鲍鱼,养颜花胶鸡"
捞鲜生锅物料理,http://www.dianping.com/shop/24674307,准五星商户,3524,129,8.8,8.9,8.8,"胡椒猪肚鸡,雪花牛肉,招牌煲仔饭"
舞泽蟹物料理(新世界城店),http://www.dianping.com/shop/57503551,准五星商户,2301,353,8.8,8.8,9,"碳烤雪蟹,锅底泡饭,年轮蛋糕"
七婆串串香火锅,http://www.dianping.com/shop/8647156,准五星商户,378,72,9.1,8.3,8.3,"小肉牛丁,小排骨,鹅肠"
巴实重庆老麻火锅(虹桥新华联店),http://www.dianping.com/shop/71447884,准五星商户,1590,134,8.9,8.7,8.9,"脆毛肚,鲜脆黄喉,精品肥牛"
豆捞坊·胶原花胶火锅(万达广场松江店),http://www.dianping.com/shop/18285177,准五星商户,2976,143,8.9,9,8.7,"澳洲鲜虾滑,炸腐皮,厚切雪花牛肉"
洪员外牛腩火锅(晶品店),http://www.dianping.com/shop/92366426,准五星商户,2646,135,8.4,8.4,8.4,"招牌牛杂,蹦蹦跳跳牛蛙,招牌锅底"
巴实重庆老麻火锅(七宝宝龙店),http://www.dianping.com/shop/67346765,准五星商户,3193,133,9,8.7,8.8,"秘制嫩牛肉,巴到烫嫩滑鸭血,精品毛肚"
花好月圆宫廷火锅,http://www.dianping.com/shop/98531385,准五星商户,323,131,8.7,8.5,9,"贵妃牛肉,吾皇花胶鸡汤锅,鱼子虾滑"
八道湾热气羊肉羊蝎子火锅(三钢里店),http://www.dianping.com/shop/18526090,准五星商户,8098,13,8.5,8.1,8.5,"秘制羊蝎子锅,热气羊肉,羊肉串"
大龙燚火锅(大木桥路店),http://www.dianping.com/shop/57293677,准五星商户,2797,136,8.5,8.5,8.5,"火锅牛排,九尺鹅肠,空运大刀毛肚"
重庆巴王府火锅,http://www.dianping.com/shop/38116672,五星商户,2644,18,9,9.1,9,"精品雪花牛肉,巴王极品鹅肠,巴王脆毛肚"
禾牛赞寿喜烧,http://www.dianping.com/shop/92495016,准五星商户,558,123,8.5,8.6,8.7,"寿喜锅,牛肩肉,澳洲进口和牛雪花"
蜀城巷子老成都火锅(潍坊路店),http://www.dianping.com/shop/21792571,准五星商户,6479,126,8.6,8.3,8.1,"蜀城嫩鲜牛肉,招牌鸳鸯锅,鲜鸭血"
椰子不语(淮海路店),http://www.dianping.com/shop/32421199,四星商户,7175,176,8.3,8.7,8.4,"原味椰子鸡,椰子饭,野生珍珠马蹄"
贵家炭火烤肉(189弄购物中心店),http://www.dianping.com/shop/67261212,准五星商户,1638,93,8.4,8.3,8.4,"调味护心肉,特级黑猪五花肉,调味牛排"
哈尼石锅鱼(富都广场店),http://www.dianping.com/shop/59061360,准五星商户,1331,139,8.6,8.8,8.5,"江团,原汁原味汤底,野生菌菇三拼"
渝利火锅(漕宝路店),http://www.dianping.com/shop/97452247,准五星商户,571,127,8.5,8.7,8.7,"渝利蟹肉棒,鲜鸭血,秘制霸王蛙"
红料理|串串有瘾(物华路店),http://www.dianping.com/shop/9319683,准五星商户,2987,88,8.8,8.5,8.2,"老妈蹄花,特色烧烤,冒脑花"
七欣天品蟹轩(亿丰时代广场店),http://www.dianping.com/shop/93466250,准五星商户,966,148,9,9,9,"香辣蟹,墨鱼仔,神仙虾"
让签签飞小郡肝串串香(福州路旗舰店),http://www.dianping.com/shop/110824363,准五星商户,558,99,8.5,8.3,8.6,"香菜牛肉,烤羊肉串,秘制郡把"
销魂美蛙鱼头火锅,http://www.dianping.com/shop/92527434,准五星商户,425,109,9.1,7.6,8.6,"销魂美蛙锅底,生态毛肚,花鲢鱼头"
一锅入魂日式火锅(徐家汇店),http://www.dianping.com/shop/113155492,四星商户,568,146,8.2,8.3,8.2,"寿喜锅,上等和牛,上等牛舌"
握料理,http://www.dianping.com/shop/80550255,准五星商户,808,130,8.7,8.9,9,"刺身,厚切牛舌,鳗鱼饭"
筑间幸福锅物(东明广场店),http://www.dianping.com/shop/96544600,五星商户,412,128,9.1,9.2,9.2,"鲜菇牛奶锅,牛肉,海鲜总汇"
上渔(龙湖天街店),http://www.dianping.com/shop/102303520,准五星商户,257,78,8.8,8.6,8.7,"老坛酸菜鱼,红糖糍粑,太安鱼"
椰庭椰子鸡(徐汇日月光店),http://www.dianping.com/shop/97458389,四星商户,1467,125,8.3,8.8,8.3,"椰子冻,竹笙,火山豆腐"
熬八年台湾火锅(陆家嘴店),http://www.dianping.com/shop/122484562,四星商户,572,149,8.1,8.5,7.6,"鸭血豆腐,台湾福袋,鸳鸯锅底"
海底捞火锅(南奉公路店),http://www.dianping.com/shop/128895900,准五星商户,32,135,8.2,8.8,8.8,"捞派滑牛肉,抖抖面筋球,小酥肉"
陈记顺和牛肉店(浙江南路店),http://www.dianping.com/shop/23931777,准五星商户,5098,129,8.7,8.1,8.3,"手打牛肉丸,吊龙,嫩肉"
炉得香双层烤鸭火锅(松江店),http://www.dianping.com/shop/111928879,准五星商户,396,103,8.5,8.9,8.8,"炉得香烤鸭火锅,招牌烤鸭,烤鸭火锅"
大头椰(万象城店),http://www.dianping.com/shop/95350725,准五星商户,1282,141,8.4,9.1,8.8,"竹笙椰子鸡,腊味煲仔饭,椰汁饮料"
重庆熬家老火锅(金桥太茂店),http://www.dianping.com/shop/65598882,准五星商户,3478,126,8.7,8.7,8.7,"雪花牛肉,顶级毛肚,牛油番茄鸳鸯锅"
东来顺(爱琴海购物中心店),http://www.dianping.com/shop/110934607,四星商户,845,167,8.4,9,8.9,"热气羊肉,传统麻酱,红柳枝羊肉串"
